plazas,Latitud,Longitud
1,39.46726805427298,-0.3575159073550533
2,39.380363802355845,-0.324559304827304
1,39.3875892059494,-0.3275454298577309
2,39.38765732871961,-0.32774759953646787
1,39.46190545005491,-0.3432907192902238
1,39.46326584255231,-0.33464526386905813
1,39.46379158705253,-0.3321664447673338
1,39.47814852558985,-0.35277084359709904
1,39.464131801883916,-0.3540454985375971
1,39.4683068920185,-0.3701413530835038
1,39.48373797997084,-0.3885248823332642
1,39.48406713519943,-0.3871747758404371
1,39.47131620346868,-0.3282109581096005
5,39.45908239446334,-0.3382445976291073
1,39.31112725843505,-0.31774370791923573
1,39.452921373286394,-0.4041514196496486
1,39.47224061193745,-0.3960087063418541
1,39.47340335467329,-0.34986828352176447
1,39.488913011631546,-0.35863851813989844
1,39.45989674911678,-0.3871523032203319
1,39.45409760649751,-0.37854531900628585
1,39.485541396769285,-0.39084886436233807
1,39.472155680150806,-0.3320484367033919
1,39.47918723740676,-0.332306692801171
1,39.469023304652524,-0.3260173369231206
1,39.46895074606477,-0.32601762882128416
1,39.480881023642986,-0.40483324531179293
1,39.4394167226646,-0.3876636594665072
1,39.4592128428585,-0.4075377707610527
1,39.469999283990326,-0.35312407884600533
1,39.485121533617985,-0.3572307718355687
1,39.484227568896145,-0.39898124620329767
1,39.47805332310729,-0.4033031385168276
1,39.466005427107646,-0.38691245340228664
1,39.464743527804224,-0.32880137391335934
1,39.49542318709072,-0.3831771088231162
1,39.49334777498279,-0.3828412495588248
1,39.49304097670828,-0.3833046537033533
1,39.30777130017423,-0.2974326228089168
1,39.496771126939166,-0.3830151970373715
1,39.467311360845265,-0.38997476348738774
1,39.47379058343183,-0.32784297782699556
1,39.474288639063715,-0.3936111493031528
1,39.48431672203697,-0.3568344512815258
1,39.449305625401884,-0.33467407096640717
1,39.46568964332555,-0.3909519409995966
1,39.47133479137093,-0.3664859005979965
1,39.46046502867042,-0.3953735755728631
1,39.458179905135715,-0.3570998408028087
1,39.45404927107166,-0.3988771351231322
1,39.462586820544445,-0.354808726604059
1,39.48998935712432,-0.35775484053269857
1,39.456328581174134,-0.3917194860837252
1,39.494713869768596,-0.37860610666027394
1,39.45465321867231,-0.3879247969682448
1,39.45423379841197,-0.3978202431442813
1,39.451085415023215,-0.39302713516817483
1,39.45058800841659,-0.39313110569121207
1,39.47962666042356,-0.40313221794092197
1,39.45305442231868,-0.3601427617517088
1,39.48067022747688,-0.3707570681496099
1,39.45075766850691,-0.3908296558575462
1,39.45142692287996,-0.3897646641330479
1,39.50277769043089,-0.419088130989041
1,39.45792740678751,-0.3842965656957811
1,39.458192973151405,-0.36620393971992
1,39.4323644944525,-0.36262114246770766
1,39.460017065451986,-0.36696888661928906
1,39.45860749665195,-0.38564006060821693
1,39.41993693062965,-0.3359351615762567
1,39.51562245419884,-0.3909243831323942
1,39.48438426756549,-0.38307795350015883
1,39.471810041024426,-0.32858387614843965
1,39.47034150294216,-0.3288316403774763
1,39.47454902895554,-0.35447570370149184
1,39.47285389750875,-0.35421701809736295
1,39.472537917609564,-0.3701514416926184
1,39.47529859254224,-0.373937717818793
1,39.428009671114296,-0.3935130659736046
1,39.47269694285481,-0.3561405570438132
1,39.49137542583832,-0.3807992823495224
1,39.467292043518235,-0.3648099200833905
1,39.432668450923636,-0.3760611296856232
1,39.432286276936836,-0.39183443001216733
1,39.49100314198425,-0.39417816375224696
1,39.450271408146264,-0.4035101276756767
1,39.46516884347529,-0.3579171155052732
1,39.4836599410149,-0.3876665721268588
1,39.457834581865825,-0.3725894627054753
1,39.460913622650956,-0.3452765135731411
1,39.47628222708773,-0.32986570128807174
1,39.45498610047132,-0.3933011150494685
1,39.497455950074134,-0.4177396881707553
1,39.45412808814921,-0.3731773571171219
1,39.48982505750325,-0.3873942497995951
1,39.46926194964749,-0.3550382053949502
1,39.42906989330814,-0.36493301560250574
1,39.48390336390993,-0.37854418523899763
1,39.45791082149496,-0.3358748904196478
1,39.45777930083964,-0.3395022486490015
1,39.290658342082274,-0.283556792276176
1,39.43984078683568,-0.3837154752087697
1,39.483547329997265,-0.37519205229429037
1,39.48425601187775,-0.37124819757998917
1,39.48588175420757,-0.35475192424261254
1,39.485193354613266,-0.3552994447741609
1,39.48502990755676,-0.35409995759709084
1,39.48443172271715,-0.3548476355975629
1,39.43280793488221,-0.3906851457273285
1,39.43290152133834,-0.3911195290292303
1,39.42725867299363,-0.39350943203190086
1,39.45907558228996,-0.35989761283077737
1,39.47344512183548,-0.33308980826029433
1,39.47295806348879,-0.3333924219842228
1,39.47585710671408,-0.3479452855113954
1,39.47292319676497,-0.3297880531699444
1,39.4712356400568,-0.33218398168026
1,39.476597163536276,-0.3470563630397096
1,39.44733827247159,-0.37069054887672737
1,39.47976996127442,-0.3441923046002027
1,39.46770693355608,-0.3315074222666373
1,39.499318425358524,-0.39498719459744625
1,39.29432658723305,-0.2859458767470081
1,39.30808457238599,-0.31791373272026197
1,39.454300470874024,-0.36325517473561425
1,39.49805646170423,-0.3744593082975585
1,39.467805021557545,-0.35762483085168817
1,39.47619082096042,-0.3511036055525824
1,39.471879760257146,-0.37712351127724003
1,39.470831694703676,-0.3450898109006861
1,39.45931369654173,-0.3976162717531803
1,39.46690539014549,-0.33545162791658023
1,39.47666354075519,-0.35206941833626143
1,39.48282584321831,-0.3300968737649608
1,39.49338982715718,-0.3767094118846107
1,39.49096278445946,-0.358662837367439
1,39.47200843654216,-0.34660446319751215
1,39.455455847790454,-0.3865677230011693
1,39.48104707887671,-0.3945163139211465
1,39.45292944648061,-0.3676836235536677
1,39.46381596775864,-0.3973055499721322
1,39.46571419889822,-0.36244228029134196
1,39.45162370251786,-0.39182891745335485
1,39.45170403278104,-0.3917774612920901
1,39.46126107782571,-0.36012445556832373
1,39.435009630960394,-0.39076671854103057
1,39.491472518502974,-0.35832922507456233
1,39.48947033238951,-0.3700395074240905
1,39.48925084490663,-0.38917778032752537
1,39.45938457370445,-0.397533197138292
1,39.48755465373017,-0.37253987851472253
1,39.45812939770767,-0.34758891007302634
1,39.474108622001616,-0.3255483748789119
1,39.484251898984105,-0.3788634132848644
1,39.4722692150521,-0.3356745239659343
1,39.45946027933481,-0.36657576646405043
1,39.470838275777616,-0.3489256208670715
1,39.49827597812992,-0.3772766156355018
1,39.4887073300047,-0.37182462884406203
1,39.48448622410389,-0.37495114181367484
1,39.4747434662354,-0.34712765946100393
1,39.472473806359694,-0.3296007017862068
1,39.48991029658132,-0.3821966553385839
1,39.42520472680849,-0.36405056201135316
1,39.46867853815925,-0.4031899568188402
1,39.499931131105825,-0.42630326679204367
1,39.463298604517945,-0.3925376190082579
1,39.48288967745984,-0.3769102251184037
2,39.4830640842943,-0.37719823742209574
2,39.4935083548159,-0.39285819326587323
1,39.51635874829327,-0.3771982182405274
1,39.49000116330394,-0.3553288566439103
1,39.49444076361969,-0.37046063565445997
1,39.49178246882767,-0.3694406195374215
1,39.46447560342624,-0.3263973656901986
1,39.45553583274467,-0.365584082725101
1,39.472330900748325,-0.39281090646466277
1,39.46533718773846,-0.3334722681186283
1,39.486730521359135,-0.376146313328216
1,39.47594129137872,-0.35994392497929656
1,39.49091933373903,-0.3838870338752094
2,39.459251398135656,-0.352752772526076
2,39.457594019377865,-0.35035286201176113
1,39.464676595050975,-0.33354963496178786
1,39.42151111249287,-0.3392885383936224
1,39.48834634438243,-0.3588331603560766
1,39.45190027492254,-0.40352393245053897
1,39.48678039435003,-0.3577211080533154
1,39.45948915791492,-0.4123873575299647
1,39.49745250988007,-0.4222034273688998
1,39.474861530245256,-0.33640494006923743
1,39.44572200340491,-0.37535621905523586
1,39.46870573463147,-0.33562181523941526
1,39.461188519228,-0.3387596833458188
1,39.482530500248735,-0.32953739105757196
1,39.477486241498205,-0.3951923807286658
1,39.460307927229735,-0.3433081008863001
1,39.50296234502028,-0.4174129353547714
1,39.48990990136613,-0.38043546644126697
1,39.48171782362925,-0.3283980968050121
1,39.48087570803925,-0.32867792968303666
1,39.49040052850756,-0.3804930122313477
1,39.46972269964059,-0.3902075333650637
1,39.479200983323345,-0.35171367395939424
3,39.380465087444605,-0.32440068393322447
1,39.47666750526624,-0.34865899061759603
1,39.29642234374959,-0.28823741337956943
1,39.4458554759388,-0.38836258974607935
1,39.474497729140786,-0.35526351855120897
1,39.483206712512604,-0.38037087221583304
1,39.487365767128324,-0.3771183882517344
1,39.4572572942798,-0.36804522536580386
1,39.49155468554241,-0.3916581710681474
1,39.47530152764746,-0.3301954174161915
2,39.48406206508053,-0.3539826075015905
1,39.45866943616667,-0.3648899087814202
1,39.48836290549514,-0.38478083669071356
1,39.44089418972297,-0.38436428608748574
1,39.44096527431868,-0.38347910278363584
1,39.461593084326566,-0.38923404636002296
1,39.43883724483095,-0.3819237225223839
1,39.439025096990676,-0.3838014420712795
1,39.4390868949873,-0.3836920549133806
1,39.43910446341963,-0.3857669748412372
1,39.45850903512666,-0.36036589801459407
1,39.458170054125745,-0.36034138235390867
1,39.497616439368045,-0.37137468878298957
1,39.45942351055954,-0.3589194490140517
1,39.45807004903711,-0.35829874403924217
1,39.47644793559296,-0.35326568387938406
1,39.49906753067281,-0.3943596396310499
1,39.501394620074706,-0.3929557762901586
1,39.46388825964638,-0.3330605379994816
1,39.466317199397174,-0.33976213280625484
5,39.466634035623244,-0.3396085881701359
1,39.47206498394934,-0.3521967225871101
1,39.46503420230226,-0.407115481673501
1,39.47730620848869,-0.35999225332310897
2,39.477231522656595,-0.36027446326694373
1,39.45266095196839,-0.36831472837777957
1,39.49556708139646,-0.3766526270608906
1,39.4756410543841,-0.40147531763829347
1,39.45514284489005,-0.3718513656862636
1,39.47654242046238,-0.357993364612492
1,39.5012865703718,-0.41957369750021833
1,39.451904264084185,-0.37019958797737124
1,39.46412942634968,-0.389559993134056
1,39.48781594158349,-0.3895438333920793
1,39.45689836779794,-0.3879237842418258
1,39.49248054925995,-0.3972478457062466
1,39.49390186776274,-0.3919690223870662
1,39.492709952172575,-0.3714964858223318
1,39.501615899169494,-0.4202444203939891
1,39.446651536427595,-0.39232176849816275
1,39.465792570326784,-0.3310991599547844
1,39.465888681047616,-0.39406077824881003
1,39.45201392250369,-0.37266940362313644
1,39.48679026894354,-0.35389495108849844
2,39.467932160332225,-0.3386332349228552
1,39.49238573340115,-0.3662083805857687
1,39.49489901515671,-0.3928598153405113
1,39.44847980460371,-0.36820627047119947
1,39.539450048727225,-0.40278192023392834
1,39.48190446227618,-0.37542778934856313
1,39.46193130364439,-0.3933342188565157
1,39.31263660136167,-0.31783942307663976
1,39.49602441789383,-0.3721683080811584
1,39.51544961062193,-0.37664510141731206
1,39.45423551898779,-0.38789851270317893
1,39.47336125368402,-0.33612011316334384
1,39.45496909214878,-0.40395041792368525
2,39.4600923496137,-0.3544274468391443
1,39.49155298563521,-0.37539262388116995
1,39.45842766839447,-0.3656620830642291
1,39.44915458074783,-0.3672781590928944
1,39.473414682220294,-0.3275396301932653
1,39.47194403730125,-0.3278766462454124
1,39.469863609503946,-0.3280609154059157
1,39.47353717950117,-0.3297602990693694
1,39.464915317012796,-0.35578406559694237
1,39.459463201292166,-0.3356564076719218
1,39.4659224311074,-0.3350529910272886
1,39.46590391378267,-0.3325660488712035
1,39.499344947566705,-0.39251482611874505
1,39.48483421431743,-0.36054570427771926
1,39.462743044926114,-0.3541669613771397
1,39.447214394607975,-0.3791236867095257
1,39.44710690914653,-0.37913642181302637
1,39.43003766562542,-0.36125947569396893
1,39.453427608067024,-0.37393919185648217
1,39.47055183568036,-0.3905264970294059
1,39.46730939991345,-0.3335637654310031
1,39.466528233846724,-0.366696152376
1,39.44800653311735,-0.3736552794055083
1,39.47158735688546,-0.39197696722978703
1,39.46873910776555,-0.33411872056288827
1,39.49705772109144,-0.3992651379076119
1,39.472367696914546,-0.3905449234328366
1,39.4714027740215,-0.3915674926361589
1,39.467538798958124,-0.34784773392594265
1,39.49125007027077,-0.39598435104738305
1,39.46898520541879,-0.34463987436861876
1,39.42434621271544,-0.36539816724739627
1,39.48057183083728,-0.39514651922658545
1,39.46632792166801,-0.3497593651124964
1,39.49955164090937,-0.42566511599795787
2,39.498809806386355,-0.42650438663642837
2,39.47104623969811,-0.3246939161361268
1,39.45916302133984,-0.392929229794396
1,39.460613348045385,-0.39514878571640194
1,39.46914839680176,-0.38569120985153243
2,39.47512380603972,-0.32504467161853695
1,39.4754006246451,-0.3287278140640842
1,39.47320504788745,-0.3321702359456606
1,39.47714182956545,-0.3279844612209349
1,39.48363905610911,-0.3256155676365776
1,39.4832169569789,-0.33044859990784964
1,39.48171806569169,-0.3525431729455227
1,39.48592965853478,-0.35700873917125187
1,39.469479046978336,-0.38487398274710927
1,39.2790739895378,-0.2767762176258418
1,39.38306773892948,-0.3325081614923779
1,39.387611741866706,-0.32757229333426174
1,39.421371960391724,-0.3404482347100804
1,39.42159290502905,-0.34050509787162053
1,39.468035271676534,-0.3417866905420977
1,39.47282802493493,-0.345309056726114
1,39.47227231381602,-0.34342680895315153
1,39.47000216176672,-0.33816590370072414
2,39.46892331027012,-0.3404728200124615
1,39.47074634792825,-0.3398879594786559
1,39.470870207145275,-0.34087193170029256
1,39.47101592524665,-0.3408011381831492
1,39.45706572475748,-0.3637580931515709
1,39.45935801508367,-0.35933843181497643
1,39.45439741813175,-0.3591363604765657
1,39.47293353579317,-0.3350148210369172
1,39.465394378862825,-0.3267996203586087
1,39.46657033099765,-0.3277846357846611
1,39.47717245417381,-0.327984241922297
1,39.46616468934691,-0.33640530542907515
1,39.47634601004244,-0.3517310594393699
2,39.47059691620889,-0.34320476046927134
1,39.47238629513384,-0.34433344571551616
1,39.47165620394686,-0.34761314714878555
1,39.47117870387763,-0.3446190763061043
2,39.47053156638296,-0.34888664877504355
1,39.47285502071824,-0.349715500327642
1,39.46901720043128,-0.3495374052797266
1,39.465820630102556,-0.35097718314088355
1,39.466074861189426,-0.35087221960599774
1,39.4869340021,-0.36789650668681756
1,39.48783004595975,-0.36687364768575503
1,39.4889041857972,-0.3653982995538381
1,39.48748838093091,-0.36133296957435035
1,39.49546177812336,-0.3788836528523657
1,39.498045161634366,-0.37739980924446315
1,39.46805251853646,-0.3398487009078124
1,39.492615733926066,-0.3929516224117911
1,39.49155288392102,-0.38904368450534915
1,39.49153478320744,-0.38411456074910444
1,39.4668434519347,-0.3509140601789238
1,39.4630136690409,-0.3553084304938969
2,39.46704926292126,-0.35618485140397754
1,39.46556119601721,-0.3523220681366073
1,39.46802977466889,-0.3530155374983874
1,39.45697037091667,-0.3569462853679552
1,39.46018203347604,-0.3524261845916224
1,39.46090562191576,-0.3537597251012386
1,39.46579243933014,-0.3568668192965984
1,39.4479689817267,-0.37989680340966836
1,39.45060080767675,-0.3792465112670942
1,39.427527084230526,-0.39370072522798216
1,39.47861105800762,-0.3276442618650669
1,39.462114916209586,-0.3360445763242834
2,39.47387839892734,-0.36244839404363594
1,39.49540814126546,-0.38070618398395994
1,39.490300557199554,-0.3557083388935762
1,39.504854407268795,-0.41929924891704096
1,39.479448044630466,-0.3964027318780757
4,39.43968126318701,-0.39052588681326345
1,39.444077970069756,-0.3934504152225187
1,39.44452067552874,-0.38973154610196814
1,39.445723608951006,-0.3905263500127848
1,39.42577960097945,-0.3619220616881727
1,39.423544936756045,-0.36246852208109304
1,39.45385141499005,-0.40175350037131297
1,39.45368904813001,-0.4042269896284651
1,39.44777950785194,-0.3867070548005145
1,39.45090988222359,-0.39372749511531746
1,39.449033770080874,-0.3894814994765265
1,39.453760061811096,-0.3837043248556997
1,39.4539358728897,-0.37014765516415093
1,39.48582537513893,-0.37110440854786764
1,39.47679943099529,-0.3916180295088551
1,39.47577263986469,-0.38923492902664614
1,39.47519103169821,-0.3910589005949166
1,39.475842434658496,-0.3910369578083369
1,39.47624029232788,-0.38074721530262656
1,39.48209597596255,-0.3865282620027057
1,39.48466578242211,-0.3870038729506685
1,39.48674616325411,-0.38867370317559125
2,39.48499117138744,-0.39456858626931185
1,39.48652156280468,-0.3915129421358612
2,39.485332073382665,-0.3933145043134146
1,39.47506213871015,-0.39200871256216513
1,39.48608289588319,-0.393980915056868
1,39.4535989150867,-0.3887959959915138
1,39.45447323405597,-0.3895360260085602
3,39.45795470606688,-0.3996356605193324
1,39.456245538663296,-0.39641242024209977
1,39.45586539662684,-0.38730612845788803
1,39.45459827186613,-0.3816945750870664
1,39.484376759231566,-0.39778154976337976
1,39.484361107501826,-0.4002469709254106
1,39.484673375771,-0.399560325908277
1,39.4901704682804,-0.4022426138514002
1,39.45486822615583,-0.37768216986306336
1,39.4527373599458,-0.3766054716765891
1,39.45365621398722,-0.37528431112982097
1,39.46314626927272,-0.38519086401404334
1,39.45954767482991,-0.3906275974687287
1,39.49707874502694,-0.41876602114312234
1,39.4985744951986,-0.41913414973450736
1,39.50315816881819,-0.4169946673244436
1,39.5055366296737,-0.42279751943370614
2,39.49965288754926,-0.4213483624637548
1,39.46815699834527,-0.34246104912363745
1,39.49099618453236,-0.39092943196174534
1,39.464075227221635,-0.34378805991236466
1,39.489196650531795,-0.39237618631336335
1,39.487426074100675,-0.3883634099947963
1,39.47152852379494,-0.40084725283059575
2,39.44361387593234,-0.3936250370399866
1,39.48966188513941,-0.3776794567575416
1,39.49627388124892,-0.37779479596753757
1,39.4743833963589,-0.3368178578790062
1,39.29911722901941,-0.2889759390695814
1,39.49691380205968,-0.3710836493936339
1,39.464684092487204,-0.3962979553061063
1,39.45513951773315,-0.3838282700668893
1,39.46899303724829,-0.4153749361348002
2,39.470753591624096,-0.34024181501176815
1,39.49116278162374,-0.38323866677526947
1,39.468750853531894,-0.41200901146252117
1,39.47521444101038,-0.3489433953434172
1,39.48753828272739,-0.37729388919768353
1,39.46572315986195,-0.3296019876861005
1,39.42007176798456,-0.33590264845579304
1,39.495379798195586,-0.3833866039687035
1,39.49063532354832,-0.3893220635998027
1,39.47233196208933,-0.3792472597739436
1,39.45654993216388,-0.36110507646220014
1,39.48685924133313,-0.37150549185092985
1,39.442159969159455,-0.36812282688561715
1,39.4846276208513,-0.3572308204029679
1,39.483541829069175,-0.3582893031003612
1,39.49248471272966,-0.35859466177142935
1,39.49227053691005,-0.3614795313273973
1,39.490040849239385,-0.35884047488991594
1,39.48747375318116,-0.36122914211622525
1,39.48574155792977,-0.35847943616342637
1,39.485772187094454,-0.36034856094431805
1,39.485311010668156,-0.3598294961090692
2,39.44961300387661,-0.3709870839569522
1,39.45490863430868,-0.3636859408767774
1,39.45131084513892,-0.36978676082964884
1,39.45415237390146,-0.3725910026141332
1,39.47252882629837,-0.3339563210185395
1,39.471270478971306,-0.3350816495212502
1,39.47196727548504,-0.3346698868099813
1,39.47419420671151,-0.34379895488127765
1,39.47281335274806,-0.34211608098014223
1,39.48186117310102,-0.35536763836395513
3,39.45513611501728,-0.36583182087795263
1,39.45780271586739,-0.36522518416267397
1,39.45851609269339,-0.36359632359076693
1,39.457148585927385,-0.3617876556645305
1,39.45754595627379,-0.3608600257074561
1,39.4586994881648,-0.3608196187901726
1,39.45786199883179,-0.36751172508943475
1,39.457867791690035,-0.3683530550987374
1,39.475768253603356,-0.3525902806065411
1,39.477938165217786,-0.3523629039460815
1,39.47068000447434,-0.3621499267775144
1,39.475335847586834,-0.357162093490071
5,39.47943096702928,-0.3608388238911204
1,39.483143415773,-0.3622735362110737
1,39.48278907289303,-0.3627144355070998
1,39.481077091730064,-0.3587389136699504
1,39.48072043362192,-0.36172140597205676
1,39.48119843346074,-0.3693011814066334
1,39.46294580265125,-0.36194986838050713
1,39.484673513250705,-0.3676121517453009
1,39.486171382526344,-0.3678213170795261
1,39.48931593529405,-0.3655005966359712
1,39.48039352587038,-0.37319224801599754
1,39.447403438288546,-0.33312142685126733
1,39.450206779234726,-0.33525466643261076
1,39.45897990952732,-0.3339931839345089
1,39.46689377474789,-0.3717271381678888
1,39.475287987540575,-0.3729133100804003
1,39.46001763591235,-0.3492350268581631
1,39.46103796350109,-0.34149799147476967
1,39.462600847689025,-0.3449539631778965
1,39.46266340548273,-0.3471402600627931
1,39.46329741073354,-0.3492712340913146
2,39.46575968760715,-0.3247241815518805
1,39.46883616863081,-0.34892402086516944
1,39.469570104679875,-0.3985914051021792
1,39.488978023288055,-0.3736075004235196
1,39.45189280116139,-0.38887167121389005
1,39.475779164444006,-0.3590278653466788
1,39.44854615365706,-0.3348682787982343
1,39.49380141178713,-0.36920341682241764
1,39.42135086353737,-0.3392464092455724
1,39.46109065475206,-0.3932900906299914
2,39.45630828300653,-0.3835559742205883
1,39.455295378709685,-0.3688287877365596
1,39.46913582022837,-0.3471342467538759
1,39.46708109298961,-0.39125777906032533
1,39.44719200538912,-0.3343020105362146
1,39.454300035893134,-0.3735379557158972
1,39.47815248425898,-0.3509430808524957
3,39.47043964259138,-0.37957071759974376
1,39.4595079285815,-0.36672056477816195
1,39.44769304171035,-0.3323621633972168
1,39.47176468858276,-0.39807017695958596
2,39.48570647945138,-0.3994379630632397
3,39.44455706895643,-0.3751566150289058
1,39.48770523251718,-0.35794811483034134
1,39.465105949747596,-0.32912593185259414
1,39.53955837538777,-0.40407381607553555
1,39.49070847883661,-0.39421657538126137
1,39.493082994924094,-0.37193930875905085
2,39.4676799695101,-0.3465191101165885
1,39.470012745479394,-0.3974354660471213
1,39.47177855924128,-0.36849916262524757
1,39.47346470913816,-0.3903347029600177
1,39.47031636221993,-0.39972746737005305
1,39.464024942734135,-0.3294099801264939
1,39.46202812554962,-0.398988681244321
2,39.46308675297279,-0.3485652686568574
1,39.465833367075746,-0.3557322817720162
1,39.456742787519616,-0.38678133564936257
1,39.449220933020015,-0.38101376100175444
2,39.475480666974484,-0.3695628880236532
1,39.46709550141636,-0.3288335083031632
1,39.49346144362164,-0.39825341491678123
1,39.48930703178186,-0.39033592253185334
1,39.46308004111479,-0.3948647360035302
1,39.478414096731115,-0.32686350982689916
1,39.46143292828283,-0.39144317861696165
1,39.47637935777435,-0.32779285981023637
1,39.45839192581984,-0.39088173278841304
1,39.46133996113352,-0.3323385471887741
1,39.480191272220864,-0.3958455253589275
1,39.480998589960805,-0.3939649598750236
1,39.44622339257541,-0.37703885137038823
1,39.48391154361719,-0.3853444117072205
1,39.440363643404716,-0.3882638164409859
1,39.4443379538294,-0.3932209177111353
1,39.46018436562322,-0.36509460615428047
1,39.45962393952377,-0.36491867162743835
1,39.458406804632546,-0.36379081990155265
1,39.45815536076393,-0.3631908042077476
1,39.461809813826484,-0.3627862648639753
1,39.46064474451768,-0.36337157274530346
1,39.46096036047612,-0.36263516127091444
1,39.49039546349266,-0.3782436847522187
1,39.485494355432365,-0.3539053977472738
1,39.504079636517645,-0.41955258836733056
1,39.48566034732301,-0.36119712848661495
1,39.48802304300861,-0.3591338036645937
1,39.4931952407029,-0.39195557320733604
1,39.46681543445342,-0.3864512310141933
1,39.4651653778858,-0.3717838674324616
1,39.464754435679374,-0.37149760407281
1,39.49053655216166,-0.3687282102314424
1,39.45623866404886,-0.3438798342704059
1,39.43257153794326,-0.3755225951578168
1,39.47297087011459,-0.3597117453730936
1,39.446275880091505,-0.3348096863542293
1,39.46526349833742,-0.36938474722094666
1,39.4695552855854,-0.35168271599513296
1,39.46353129850693,-0.3506690903317274
1,39.488515879017385,-0.3801432024136804
1,39.45325298489265,-0.3675605476049861
1,39.46777968025196,-0.3932181007529323
1,39.46740603082008,-0.3646116425129119
1,39.46594311331562,-0.3641032432480356
1,39.465297021541815,-0.3626813093770573
1,39.46462203368728,-0.36428180035540464
1,39.47344185800686,-0.34853144335290076
1,39.47744272995385,-0.35402768279758695
1,39.517968031757675,-0.37690126893940645
1,39.4838934221955,-0.33020082010111834
1,39.5174773697591,-0.3761863358617565
1,39.48931209565147,-0.3759066299544865
1,39.46281257659955,-0.3615441163077423
1,39.46728243389449,-0.40824440634207015
1,39.483505106318816,-0.3957758664831602
1,39.486047771111075,-0.38934149783553706
1,39.48234599650434,-0.3847199504157429
1,39.48193364992497,-0.3844259367449862
1,39.445043301893094,-0.33404966039752754
1,39.46432447846668,-0.33728261120990183
1,39.458406929240105,-0.3476073881794181
1,39.46986535704125,-0.40440555608168977
1,39.470254950756186,-0.4042316082451761
1,39.491556542044364,-0.3995653815813134
1,39.45835659087092,-0.36799857940100716
1,39.467144233690505,-0.40757331232117744
1,39.46866560913789,-0.4132725944288334
1,39.47859779536193,-0.40264150121465153
1,39.4669697441341,-0.41016830135782273
1,39.463599369706714,-0.40795337713205787
1,39.45776291755965,-0.36283257655374673
1,39.44690300173507,-0.3338737985543038
1,39.47431230478282,-0.35042307726038363
1,39.45594835271985,-0.3909002336631856
1,39.46142854269363,-0.39277011998303873
1,39.451973592316,-0.4050359654446767
1,39.49647859768767,-0.37829387397054365
1,39.45887524557473,-0.36039023300599893
1,39.46170381339015,-0.3605329314844078
1,39.45984866816084,-0.336608329462906
1,39.477332170691064,-0.34773759122654574
1,39.45162022139927,-0.40220862012601233
1,39.458878473422615,-0.3930844824011213
1,39.472025043165544,-0.39787823517324505
1,39.49220245346495,-0.39327758247817424
1,39.46902332570733,-0.33028757200580694
1,39.452306116703724,-0.37882751722596947
1,39.46784966172273,-0.41410053048128276
2,39.46865291173535,-0.4111649719215148
1,39.452734313522676,-0.37463370223266973
1,39.45543687026741,-0.4025545944464071
1,39.45498043087695,-0.4010543978331435
1,39.520371420212015,-0.35866044885123793
1,39.47392473706227,-0.3501875131867828
1,39.480551675252876,-0.36976719042872735
1,39.44878586998808,-0.38618114440508994
1,39.45579721962906,-0.401535936809624
1,39.48701268865456,-0.36618433415325174
1,39.4865910558066,-0.3650393350534913
1,39.45965338315654,-0.4005303302863149
1,39.454145572510306,-0.386060787280988
1,39.452399918747666,-0.334334673470671
1,39.4869217646911,-0.36414391718703687
1,39.466932022019954,-0.3851754733643904
1,39.48914669899065,-0.35641305699544734
1,39.46988793727099,-0.39240630260642023
1,39.45243936632703,-0.38144249073234465
1,39.47350350049075,-0.33674616432269144
1,39.43555791976632,-0.39316543432762713
1,39.45503171729974,-0.40361225677311435
2,39.439908470869945,-0.3785742595513917
1,39.43998271718091,-0.37338668965069594
1,39.46393939389687,-0.3306195647882804
1,39.438704464721496,-0.3707357622560431
1,39.46543126253297,-0.39607741263175605
1,39.4803567842042,-0.33118888770752064
1,39.4476514662315,-0.3341737798385579
1,39.54134429283625,-0.40617266036294636
1,39.49505681278752,-0.4052150544684381
1,39.47659059443115,-0.3621569328036623
1,39.4776036430321,-0.36613505891679765
2,39.48282726916497,-0.36935470324862907
1,39.466555647952774,-0.3470454298466999
1,39.468615650584255,-0.348129133688465
1,39.46831408823759,-0.34605246070033946
1,39.46829446122778,-0.3342278009251142
1,39.467488077396226,-0.3369101692741221
1,39.48897308502122,-0.3735384851212034
1,39.474905842634406,-0.3561665031933285
1,39.483454036005156,-0.3642724196586249
1,39.46365324575822,-0.4094488752051997
1,39.46337568899005,-0.3919713373937286
1,39.458969999540166,-0.40127076211199647
1,39.46176295765832,-0.4028413099696483
1,39.45261001209186,-0.3869263277375349
1,39.45281014968109,-0.38981805016726856
1,39.45191713523559,-0.34618832143072215
1,39.45840500111468,-0.35884399534968864
1,39.4440512964905,-0.3682460692699627
1,39.45698729767992,-0.3587488806623942
1,39.45023776747596,-0.36936950626295406
1,39.50131009133741,-0.4182264574807078
1,39.44875691125181,-0.3797041572887931
1,39.460104345322925,-0.36684414884073513
1,39.46677070096985,-0.3408411022805573
2,39.49492644912002,-0.3608412190156884
2,39.494472204706796,-0.3616755953880974
1,39.487681064823796,-0.372327936508921
1,39.48710787461294,-0.3715389555810139
1,39.49266464591492,-0.3636315629377239
1,39.495359004647305,-0.3674830116473047
1,39.493546366312486,-0.3675587502695074
2,39.49396838812635,-0.3663485289727653
1,39.491174998434246,-0.3722299419002583
1,39.48665939598981,-0.37440978365617483
1,39.49452035204299,-0.37013286831661757
2,39.49530941516174,-0.3726831997465881
2,39.494578165193765,-0.37411308936992527
1,39.49520879197536,-0.3745928684123481
1,39.49602421370025,-0.37457184804665705
1,39.49468903280472,-0.37498767571784625
2,39.498385902993604,-0.37521289646593664
1,39.4974655469897,-0.3752733843106636
1,39.4975106803387,-0.37797059793193777
1,39.49690335634225,-0.3765095971399814
1,39.49576370707416,-0.3757709804703241
1,39.494476315830696,-0.37723476041161647
1,39.49420949566586,-0.37926824566962947
1,39.4937105159184,-0.3801406273745576
1,39.4931698191872,-0.3745433898344863
1,39.49220143311566,-0.37888731644645307
1,39.49130800006716,-0.37634315878813895
1,39.49084480597229,-0.37840871091896416
1,39.48995445189636,-0.37631730647806444
1,39.48801111542759,-0.37981950443318807
1,39.48799394258807,-0.3779020500909791
1,39.487507324120756,-0.3791127571483171
1,39.48272664554628,-0.37466634103184265
1,39.485434903515674,-0.3790490492582397
1,39.485996798411335,-0.3833785081131414
1,39.48641641141535,-0.3835398138772261
1,39.487689275156846,-0.3852288574079771
2,39.489161079632396,-0.38435039065197746
1,39.48745054510818,-0.38635218714771735
1,39.495749548191505,-0.39595736669317705
1,39.494876899198644,-0.39555487815105533
1,39.491806135480935,-0.38947254512755963
2,39.49357466531557,-0.3903246152818329
1,39.49250049035247,-0.384999542007177
1,39.49240548215127,-0.38496424583789524
1,39.496191126420946,-0.39313238451438315
2,39.49679959407933,-0.39264318866360814
1,39.494876834255614,-0.3881199933732927
2,39.49451437311875,-0.38706651084505495
1,39.491655206989314,-0.382460171571711
1,39.47177337452492,-0.3928836992954195
1,39.482825381701765,-0.3996779539931679
1,39.47444919778372,-0.39374105192376174
1,39.47741330367666,-0.39645294914910245
1,39.4788954563475,-0.3949284426609881
1,39.4791393214279,-0.39157091446655684
1,39.48197782123376,-0.3939039415222683
1,39.469968983152945,-0.38835848076643864
1,39.49814869349778,-0.3818147069598287
1,39.49948343606254,-0.3946921361519718
1,39.52735456491302,-0.385510661229271
1,39.52928937568139,-0.38709920297363076
1,39.48412084939422,-0.3835227642358398
1,39.461174634792656,-0.3982488196153179
2,39.46152819041468,-0.40036739202683796
1,39.46224428533749,-0.4010404790828351
1,39.463572930315266,-0.4031697436830797
1,39.46404223761649,-0.40991202182316067
1,39.47044932458035,-0.410714674073734
1,39.47020599253741,-0.41348654366580245
1,39.46433666650803,-0.40937371768245173
1,39.4643557410395,-0.4099777056947884
1,39.471357383354814,-0.40894161486766833
1,39.46388498975119,-0.40050297475390906
1,39.46699695894207,-0.4085642436263515
1,39.46859060860712,-0.40426003970512703
2,39.47059934852608,-0.40482209877983744
1,39.4675779540686,-0.403542285739236
1,39.46317258031526,-0.3995719703517498
1,39.47088977584577,-0.39793245554934664
1,39.47100693851369,-0.39933433413324115
1,39.47147756432788,-0.40175305394017763
1,39.46410628524403,-0.3979158086672353
1,39.46440078601985,-0.3954501872361243
1,39.4712585991356,-0.3925169856268153
1,39.46917690593594,-0.3971771943410643
1,39.472139330787975,-0.39924258243967947
1,39.471251711145065,-0.3972170364906614
1,39.47095544303194,-0.39733190466870894
1,39.477266785721355,-0.39838541936234856
1,39.46508619485693,-0.35108290722412366
1,39.46195712507616,-0.3396468306389968
1,39.464181857604224,-0.34653642249883493
1,39.464782258564966,-0.33693193779319214
1,39.464588933206244,-0.3394807501834574
1,39.4651046934799,-0.3391431519956312
1,39.46520567415682,-0.3394800410544003
1,39.46459073569773,-0.34336518543204
2,39.46487331828549,-0.34191793089871564
1,39.490949783996115,-0.3838982629258304
3,39.47367963561788,-0.359094879483895
2,39.473467014848225,-0.360522136830028
2,39.474426913339286,-0.36006627766681887
2,39.47411239971213,-0.362608263128455
1,39.47574385232259,-0.3637572419550804
1,39.4771019231929,-0.3635276585098651
1,39.47756600139885,-0.3632533158880367
1,39.38314521899609,-0.33312887230978006
2,39.37419739267899,-0.3231494928806381
1,39.48817914588547,-0.3669893967636881
1,39.47470337633556,-0.34530471986570543
1,39.46818654008578,-0.40096668974100275
1,39.463696254869376,-0.3311403670745813
1,39.45314471429062,-0.3637106932636887
1,39.46185887810315,-0.34624693600490847
1,39.4778715981874,-0.35270764763353674
1,39.46719940010473,-0.3693673401622914
1,39.46890447750732,-0.3558353131828615
1,39.47005227833358,-0.3285197189441213
1,39.46622915423207,-0.3290829988955784
1,39.46007024288661,-0.3403144526642435
1,39.45914486276225,-0.34005346380451873
1,39.46050280696603,-0.33672840836024215
1,39.458901308380156,-0.33714342767356703
1,39.45648066877357,-0.3715425364763973
1,39.46275229049086,-0.4041207427184239
1,39.452145423187,-0.39916623700271436
1,39.48953807544244,-0.383412714970718
1,39.48484760169923,-0.378154480812613
1,39.45152844721786,-0.39836418633845133
1,39.45692504836264,-0.3892924528297618
1,39.457175021136734,-0.38881625913935935
1,39.458426893288,-0.38788559410781565
1,39.46361801306111,-0.34936634843338227
1,39.50083821379434,-0.41450504027102847
1,39.494415688278885,-0.40471994604676526
1,39.490855780500894,-0.38060701001167935
1,39.45420133007396,-0.3791639037397743
1,39.468574259435194,-0.33514045381246155
1,39.46847134612221,-0.335208529870501
1,39.45197803773574,-0.3886777710617768
1,39.449163739857575,-0.3343559995814826
1,39.434583841379236,-0.38828584758731055
1,39.496197830715204,-0.3790278261375854
1,39.44965200749525,-0.3342280251560851
1,39.460441491205785,-0.4022026408307174
1,39.47451966559841,-0.39294908133113904
1,39.47400761559534,-0.39755521176270897
1,39.47761867413187,-0.40211447932476174
1,39.48330483330993,-0.3600733850067023
1,39.477478574216974,-0.4017472279093046
1,39.3074179775332,-0.2950160358796453
1,39.4777353815161,-0.398138049562974
1,39.48340957979188,-0.3600290462957198
1,39.49964494674766,-0.3925010740565598
1,39.49940431092734,-0.3909735863450499
1,39.45725853619938,-0.3966419827641264
1,39.473872167871605,-0.32795430381889507
1,39.467905270143035,-0.33660502932167236
1,39.46773339120724,-0.3590867718005889
1,39.502140627188794,-0.4192817818817839
1,39.46004288060847,-0.3355999144314425
1,39.48504589133547,-0.4034443651480311
1,39.46589669508798,-0.3914480608687407
1,39.45433927055669,-0.40645774316689937
1,39.46059343231363,-0.38627546020583975
1,39.45824243289338,-0.3571524321221421
1,39.47118076814006,-0.35369895466303075
1,39.46900081293369,-0.34385520541990994
1,39.45242281621865,-0.40219513469310014
1,39.487236363785634,-0.36002506278365015
1,39.45060834920917,-0.4040586627373689
1,39.46613922394507,-0.39204023405628485
1,39.45521464907267,-0.3934583236632847
1,39.45549617545784,-0.3930904022143645
1,39.491148616373174,-0.3655662668345047
1,39.471368091366486,-0.37961154679747966
1,39.448889139164834,-0.39204366385388645
1,39.45100476571372,-0.3897212097517363
1,39.457013413522084,-0.37128044046609693
1,39.458836238943455,-0.3686105280549639
1,39.457599062921155,-0.36963501679736405
1,39.481254886213556,-0.3959961747241105
1,39.48132423086659,-0.39577564733941617
1,39.45281760371152,-0.37962704841234113
1,39.48551374900821,-0.3657082993762603
1,39.49903200656974,-0.39468574438551945
1,39.457679649837516,-0.365558744958428
1,39.43035195748045,-0.3647795942861345
1,39.431417252303305,-0.3623531322501736
1,39.45718489338848,-0.3837531659442632
1,39.457208501307115,-0.3868731969844799
1,39.45648756161625,-0.38520853740247085
1,39.45861383336467,-0.3857211158265181
1,39.52046104479235,-0.35862029522050404
1,39.422631549483526,-0.36413155574832207
1,39.48578740098807,-0.3858718217574732
1,39.4640948134676,-0.39722689761266294
1,39.467154056880304,-0.40477747320415713
1,39.47066260267406,-0.33003517399741117
1,39.47396815969909,-0.3555224810972522
1,39.47411940846287,-0.35331841324741403
1,39.485008290045364,-0.3813808955840557
1,39.48393960040616,-0.38153901595529927
1,39.47337878370319,-0.39024607440204917
1,39.47536471460597,-0.37389734648031775
1,39.47394603476748,-0.36809174368574366
1,39.47776030208803,-0.3273046780677742
1,39.43252813803498,-0.3742606398876202
1,39.448820551897526,-0.3916842183135055
1,39.44904002469569,-0.3923434377295333
1,39.45737494476926,-0.3737358425928485
1,39.45537645008244,-0.37384157534051193
1,39.45588109329357,-0.3740635048457151
1,39.46150397132058,-0.3449829078981968
1,39.45457860786185,-0.37142643851045654
1,39.45492299411789,-0.37062740811875355
1,39.454907626185616,-0.3695616798228009
1,39.454277236252786,-0.37058451423880584
1,39.44924420314,-0.3802922319247496
1,39.48386828805879,-0.39164203586968477
1,39.45763984722163,-0.33809701927269536
1,39.45764670330379,-0.33784846978435845
1,39.46959419307852,-0.3341663601364064
1,39.44004936128486,-0.38368032867931506
1,39.291831932962516,-0.28455534977676156
1,39.49692075003667,-0.38968357783476526
2,39.481658221970235,-0.38765293666417033
1,39.4687826595729,-0.3843801283108774
1,39.48743800756125,-0.37709400094004236
1,39.440044376519644,-0.3875814083907235
1,39.43477833264814,-0.3928093176557132
1,39.47659872297173,-0.3531315503337346
1,39.477298340649924,-0.35042045261347887
1,39.46949169197271,-0.40516372707484855
1,39.47427398783953,-0.33288489377739483
1,39.475682754174095,-0.35056024931344865
1,39.472389604312355,-0.33032341860118425
1,39.47939206823999,-0.3428913292269041
1,39.47914858199379,-0.3436810578618459
1,39.469872223125655,-0.35751444784499853
1,39.308660653797524,-0.2986818600458945
1,39.46901350329752,-0.3565893525700524
1,39.48937041899914,-0.39913019529315596
1,39.48510816728853,-0.37682546260050337
1,39.48503508900701,-0.37683867337399285
1,39.46342003153629,-0.4034104219561596
1,39.46637959418617,-0.37360303522969485
1,39.45421944471347,-0.36344454863295506
4,39.47155638666161,-0.32471587206167174
1,39.49942576558648,-0.4207983658545025
1,39.49468376574105,-0.3965914877499682
1,39.468034142837574,-0.32869374329407286
1,39.46665964405573,-0.33534333805679567
1,39.488172889408,-0.38896811781425733
1,39.48757352474475,-0.3883399276429788
2,39.46702517010343,-0.3352740275889429
1,39.50057796028411,-0.4214174523515883
1,39.45355572708852,-0.3593770519843679
1,39.464610439770574,-0.3518271500175902
1,39.461588433073764,-0.3904713946949336
1,39.45308010221691,-0.3673277144324468
1,39.45169330959477,-0.3348536749534482
1,39.46457419893461,-0.3952613497606681
1,39.4714281867859,-0.3725597135255376
1,39.43481961012403,-0.3908431105564874
1,39.45107789714453,-0.37733108647744223
1,39.4497668677047,-0.39280526725778614
1,39.449742204058964,-0.3926696406190729
1,39.428128508324285,-0.3612806080168061
1,39.46913431760315,-0.3947301875746651
1,39.49337164396149,-0.3711754506060494
1,39.47322969429921,-0.3982826178670047
1,39.49352881016898,-0.36739899101518586
1,39.49059212565036,-0.3820670784423958
1,39.47031701901492,-0.4000459263163831
1,39.45891573195377,-0.3473025123468072
1,39.47977628956674,-0.3993983761302097
1,39.49920052852971,-0.4207801717449355
1,39.496177799099385,-0.3982033436986503
1,39.46354412686124,-0.3449830875022599
1,39.4647396180717,-0.3979754822962482
1,39.464019479817885,-0.332949786174817
1,39.46205724774106,-0.39949577299263905
1,39.47072392000595,-0.3418971825023742
1,39.502245950203346,-0.423343399616036
1,39.471666980941414,-0.33663029222942004
1,39.498588718390394,-0.3885250167684136
1,39.49277073723471,-0.35745465942158394
1,39.45239790006385,-0.3651908281850905
1,39.474687059591275,-0.3595151253298932
1,39.44698361848231,-0.39093189653465504
1,39.44800893601248,-0.38970023597757364
1,39.46090853369005,-0.33556857087900127
1,39.46407278008512,-0.3384744912206859
1,39.49905451130282,-0.4200878033470553
1,39.49511493418026,-0.37584088932970366
1,39.48357954186797,-0.37882007916715077
1,39.48495999579015,-0.3830713110756996
1,39.48795622598501,-0.37078776263062896
1,39.49768005997323,-0.39982957716064804
1,39.466935157064945,-0.34878735718804577
1,39.4605619553844,-0.34607086465274095
1,39.529553396725554,-0.38451564184297776
1,39.48363887458824,-0.3832685176860708
1,39.46474220037461,-0.3961395698432725
1,39.48169848201431,-0.3608483586661617
1,39.461727854586044,-0.3317234095581412
2,39.469574443600806,-0.4004045336970554
1,39.45315977616113,-0.40265061105151884
1,39.4869158266946,-0.3896263892361719
1,39.4721997010192,-0.36726851261696025
1,39.46152423486031,-0.41287752489425944
1,39.48747637170621,-0.36656957534777107
1,39.51726541162835,-0.37810043866030996
1,39.49105853818649,-0.3703406802493362
1,39.445612403482826,-0.37561321899812977
1,39.457851001796556,-0.39228633876825614
1,39.46453532361008,-0.3898293370958823
1,39.4706201979392,-0.40815296861771366
1,39.45476213134023,-0.3683605447853203
1,39.492667229527626,-0.3890979680248092
2,39.47015857230117,-0.35171380823721826
1,39.46526396419123,-0.3458161119649756
1,39.42221022719635,-0.3373505959457776
1,39.462038362547524,-0.3884621376587571
1,39.456827395697516,-0.39318328405753483
1,39.45581165969009,-0.36457061236537874
1,39.45153704555918,-0.3930973869037208
1,39.44604943901143,-0.3901711642122662
1,39.482064690008976,-0.395729331367158
1,39.423246439519026,-0.3630705956336116
1,39.48836335667746,-0.38722967966906413
1,39.451766091144364,-0.38088791962297613
1,39.48694498205973,-0.37276246104957894
1,39.44730555360958,-0.33577348606340507
1,39.421855299716405,-0.33838092513114026
1,39.46215056132234,-0.35152918512396886
1,39.48222573874391,-0.39409092023349024
1,39.45293299164963,-0.38716893348298553
1,39.45799457310572,-0.38990075026354143
1,39.461204837416176,-0.34657027590986467
1,39.49912212666483,-0.4176750295557052
1,39.489154774092476,-0.36149001997289243
1,39.45576251230886,-0.3752608365326541
1,39.44011179413522,-0.3835219095020633
1,39.44009701511007,-0.38337243422558354
1,39.46925347673776,-0.3979131978951031
1,39.43999186415041,-0.3823241627669268
1,39.438905954115064,-0.3826101087523501
1,39.45836546326079,-0.36240549140991957
1,39.45832127184891,-0.3623013474148961
1,39.459386102960586,-0.3590065264250163
1,39.457875583042615,-0.3584635223875207
1,39.4571194108656,-0.3587873012526068
1,39.47022796713606,-0.3915886309501887
1,39.46951979539682,-0.34838767106712276
1,39.468801508049275,-0.3455231758349668
1,39.4673457834334,-0.34056236754315566
1,39.45978441462319,-0.34699086331164647
1,39.472012421888216,-0.4070257404680631
1,39.46388215884185,-0.3395798437664642
1,39.49539215364263,-0.40250300512145837
1,39.496282414452295,-0.4028081728915987
1,39.468091207786905,-0.33885305323446335
1,39.42241268758528,-0.3383047803278451
2,39.47783697844477,-0.359576343974044
1,39.48547248126157,-0.37830116879567877
1,39.47951017866677,-0.3974334936110215
1,39.46497754311012,-0.3993097571169334
1,39.45754832796117,-0.3596749953279848
1,39.46350129486809,-0.3387606109582755
1,39.48842087823831,-0.39067433603603036
1,39.47034283640838,-0.3671940986595997
1,39.455068560257885,-0.3703678724794624
2,39.3588491063323,-0.3164548985195483
1,39.44484290408004,-0.39050869747037337
1,39.47576000254483,-0.3634037290546088
1,39.45836142116575,-0.38749499325930786
1,39.46094517590112,-0.4110401757785928
1,39.42960988548516,-0.36616659687147796
1,39.46582240402355,-0.333736747344213
1,39.486310937348804,-0.3684211089064914
1,39.487584293025286,-0.37551010020655834
1,39.48853709678047,-0.39426355726299406
1,39.46334260064693,-0.38280564943743034
1,39.428409597652575,-0.3612010553998866
1,39.45745871987807,-0.36176451673972465
1,39.503451786823675,-0.41911502250119054
1,39.48475799473983,-0.3786625495025922
1,39.457080301767895,-0.3700299895507692
1,39.447176014886345,-0.37089924242655453
1,39.45037965943229,-0.37908672261354964
1,39.46188380653424,-0.39325899567398254
1,39.46553546900015,-0.34740891771429205
1,39.49040872850773,-0.388549256582578
1,39.47576630424077,-0.3929522460813775
1,39.46998093189271,-0.3265165358349563
1,39.46582493398192,-0.34276303456621904
1,39.4573440576885,-0.3597406032049641
1,39.485432580402446,-0.36379008415570374
1,39.448589446616026,-0.3674677686568514
1,39.50032445294753,-0.3954785820016019
1,39.465505742487466,-0.33113687934789976
1,39.47318862391353,-0.329418501910201
1,39.47273247808165,-0.33717817201717615
1,39.50413378219645,-0.4224960310163617
1,39.496670714986955,-0.3697249146818104
1,39.45995134433494,-0.39852055359363026
1,39.47258032000118,-0.4009216549089225
1,39.46598710052043,-0.33504297951580697
0,39.50081568133173,-0.4167945936801626
1,39.482763366415675,-0.37587166463582233
1,39.44704557227771,-0.39228754099409024
1,39.448962105432145,-0.37886592989043416
1,39.44814872395569,-0.3863780233729683
1,39.44756012684879,-0.3708452115326791
1,39.463969061082175,-0.3935123889021377
1,39.45457352222168,-0.3757528366687904
1,39.45026805491772,-0.3726094406294905
1,39.454106739255366,-0.37495896760467645
1,39.470661750443696,-0.39013487176075873
1,39.49529697228525,-0.4004186300822293
0,39.45280822763941,-0.37451272031303
1,39.449955277581125,-0.37397271930602444
1,39.46866318398071,-0.3332589194719677
1,39.44723102436042,-0.3805483343562886
1,39.46744608380364,-0.3852051415147482
1,39.46763940860345,-0.38518492972388735
1,39.49342267336585,-0.3993807592843693
1,39.494722614140926,-0.3978572314513946
1,39.45515788034926,-0.39415759417444707
1,39.48188292928729,-0.40607994289282445
1,39.49927590803606,-0.42630684239304284
6,39.471515395063676,-0.3248691884901878
1,39.46641370999082,-0.392474065824756
1,39.464998592026575,-0.3901642294953526
1,39.46433591559527,-0.38938624646069103
1,39.462714873141536,-0.3894863442110004
1,39.46241258853667,-0.3876171355974052
1,39.46869218500984,-0.38778904192819236
1,39.46760005035198,-0.383645937697856
1,39.47126087313313,-0.33172095926740963
1,39.48211125796029,-0.32797794903799926
1,39.482793475631695,-0.328014241185692
1,39.48334648333271,-0.33088894865955903
1,39.48975880639915,-0.35642767086834143
1,39.30906541255831,-0.3180479392268665
2,39.374230401780586,-0.3229460313529679
1,39.382364140952895,-0.3322353191550362
1,39.42063071206429,-0.33726280743563
1,39.42372594008477,-0.3410644098995449
1,39.42393358684958,-0.36335410131839846
1,39.42564626834552,-0.36412130315046287
1,39.43207303550043,-0.37493779282663714
1,39.46703161633201,-0.342280647538106
1,39.46861670364204,-0.33894697480607705
1,39.46951037997367,-0.3354690843792915
1,39.473389077962274,-0.34723878979506934
1,39.470041452118416,-0.34003565652612916
1,39.480223094146105,-0.32798265023338413
1,39.4687610691498,-0.33629628445864157
1,39.464868570658915,-0.3274210273199963
1,39.44821546381538,-0.33575216099019656
1,39.46449222534672,-0.33686958124446587
1,39.46904656371763,-0.3397374111674616
1,39.46859420942063,-0.3401220080099909
1,39.48661673366018,-0.3689925096106431
1,39.488620155840984,-0.3621672051768463
2,39.47116002962347,-0.34293224889826396
1,39.469509548250585,-0.3453270419776028
1,39.47037287659789,-0.34833699554557385
1,39.46844955287328,-0.3499045337873307
1,39.46854782784102,-0.35022091497869134
1,39.4891701759833,-0.3590257582945842
1,39.49628292751185,-0.39750683456722613
1,39.49859014835609,-0.3948032770949046
1,39.48519760563053,-0.3952648642031159
1,39.473268079700546,-0.35118842973138586
1,39.46477427137812,-0.3517610457030843
1,39.463347480951555,-0.35319575341480625
1,39.46659795966719,-0.35466666469417757
1,39.465894077151184,-0.3545265602371148
1,39.46556593060366,-0.35586404093672896
1,39.46773205152393,-0.3549565870286108
1,39.46913284803531,-0.354369102022757
2,39.49983124295413,-0.39233785753226497
1,39.47656814258454,-0.36004676863364876
1,39.492301305710804,-0.3832196180550312
1,39.487618096248326,-0.38468042486010456
1,39.43195637250259,-0.3908099846116275
1,39.433530905642954,-0.39084811350905346
1,39.4355731113939,-0.3934768953978239
1,39.44331018227688,-0.39011100770850005
1,39.4437987615809,-0.3915598960138602
1,39.44436023297717,-0.3920803764882966
1,39.444013179447154,-0.38900673225421706
1,39.44501467571443,-0.3912491444666884
1,39.445873992252096,-0.38897784136733643
1,39.44731081202809,-0.3963080982010697
1,39.446108285258205,-0.3927976650046874
2,39.446584364134345,-0.3914745406554882
1,39.47395984554952,-0.3450967880807615
1,39.45812215024657,-0.3864373292756144
1,39.45222892678091,-0.40372475481397174
1,39.45168141428104,-0.40338846256735766
1,39.454886253840016,-0.40097832201196215
1,39.44925063726137,-0.3929684806801229
1,39.45193190778065,-0.38789698962911084
1,39.451783504522936,-0.38598600301857655
1,39.451090745759274,-0.3851102407898592
1,39.45354689247686,-0.38578529531806993
1,39.45451886110775,-0.3869685583383587
1,39.47956544530393,-0.38315270255730693
1,39.48380509223482,-0.38841650681289813
3,39.48328636838355,-0.3938545348467883
1,39.48723318928941,-0.3920324459414456
1,39.48600287202708,-0.3926733881716597
1,39.452419998043844,-0.39069844751276156
1,39.452474955554,-0.3931218588459927
1,39.454250301022874,-0.3894116715131136
1,39.454842863161765,-0.39078437926680915
1,39.45467850131694,-0.3925399930582113
1,39.45658584366438,-0.39660648719981056
1,39.45609073521266,-0.38942898377755975
1,39.455936401970106,-0.3888008463595906
1,39.45613213385633,-0.3875231105828869
1,39.454737409252445,-0.3782288449677397
1,39.48624663210428,-0.3940990709639414
1,39.48381190048966,-0.3999392275183288
1,39.48448557329274,-0.39987171306070274
1,39.48651275538566,-0.3951322200461309
1,39.48858369680929,-0.3999859621459693
2,39.492781536836915,-0.4073281018915996
1,39.493603645917815,-0.40236724588488454
1,39.494174817688396,-0.4043451785362774
1,39.49508918161724,-0.406934971721381
1,39.492535455025546,-0.3973048282267446
1,39.492212117762854,-0.39505422988311484
1,39.49179054620445,-0.3965380402301918
1,39.4912421767306,-0.39402049078657536
1,39.4890283336317,-0.3924606433004227
1,39.45392209827235,-0.37675184640176645
1,39.456975883179375,-0.38308667356000103
1,39.46200965384247,-0.3820339748386055
1,39.462460670069774,-0.3843805213533284
1,39.46278877985968,-0.3804111408409766
1,39.4631540151783,-0.38025207942689865
1,39.45765027736432,-0.38717417465915377
1,39.49059431534463,-0.39301955319449133
1,39.50023029410109,-0.4192317051284884
1,39.500567856019465,-0.4179658278062278
1,39.50029149135069,-0.41569090601313313
1,39.50380473332716,-0.4172845155660908
1,39.50433533343548,-0.42217753422490234
2,39.50334264748802,-0.42644763389044577
1,39.503353952694255,-0.42645572909681717
1,39.501835867105555,-0.42229423970878877
1,39.46689819615895,-0.3288626872667541
1,39.46539697852027,-0.4019532949871635
1,39.30842846487881,-0.3181339279203359
1,39.48388760865646,-0.36158930817724894
1,39.4702243618871,-0.3437321574943748
1,39.46583763532491,-0.3284931826357354
1,39.492450274849105,-0.35877627896366987
1,39.47078642841631,-0.3436888713742851
1,39.50313243744841,-0.4230355464363865
1,39.50615886290009,-0.4224808974452641
1,39.4944063814657,-0.3918848929558079
1,39.45987656862489,-0.3969778455969325
1,39.495546658707106,-0.39876494725953054
1,39.51555198246819,-0.3765400236287706
2,39.468143409914894,-0.35123586872159046
2,39.469170425857655,-0.3759577786628819
2,39.46911552339463,-0.3750601106805069
1,39.48616732113033,-0.3699706077785686
1,39.493162765116715,-0.3794643093256477
1,39.448149599265925,-0.38967011419408937
1,39.46909368968035,-0.4140723985157163
1,39.466388084986384,-0.343552913988018
2,39.459657558770154,-0.41024080293881715
1,39.42846954991888,-0.36118590992166416
1,39.43022082192236,-0.3639121089370525
1,39.42805664974022,-0.36561855123004317
1,39.43122608258573,-0.36438892369538073
1,39.48395966844828,-0.35837746356839256
1,39.492009587292664,-0.35897969561166804
1,39.48846266818993,-0.3603247069897913
1,39.48387508824841,-0.35980179941838125
2,39.48275552425499,-0.35816040758618045
1,39.48270698512208,-0.3598759219009631
1,39.443555373461514,-0.3568566891116638
1,39.44931358767049,-0.3730019646228939
1,39.450194988908855,-0.36748372711980565
1,39.45631609311649,-0.3628141801582656
1,39.45200045811599,-0.3687597929639139
1,39.45224448116156,-0.3720037831191275
1,39.45314807534968,-0.3720675866419355
1,39.45318876265013,-0.37279577005808706
1,39.45631242130216,-0.37391257636794567
1,39.48485783246582,-0.36287028110849906
2,39.478893993972655,-0.34279839302333026
1,39.475256211690954,-0.3348545083339806
1,39.471923570919856,-0.3377973022852289
1,39.47292317026683,-0.3383151795991637
1,39.4710124118239,-0.33605162445903397
1,39.4719639106051,-0.33966932129106153
1,39.47369881427583,-0.3509749648602066
2,39.453896233939275,-0.37070350104140287
1,39.45629371137811,-0.36450902991888334
1,39.45722577997943,-0.3634727701784864
1,39.4574886099326,-0.36405652118667114
1,39.45994424857487,-0.3640888484628994
1,39.45767494537491,-0.36125405269189564
1,39.47248187109507,-0.3580139224507743
1,39.47883919925822,-0.3593041962393415
1,39.485498092238174,-0.36559109635215004
1,39.48269471338808,-0.36092520184855004
1,39.48095428136767,-0.3643056798883421
1,39.48403239475064,-0.36418527069796053
1,39.48373166813051,-0.36820689080425123
1,39.4849501543421,-0.36618332418721916
1,39.459354630972655,-0.3592973380280718
1,39.460289459379055,-0.36175566503867507
1,39.46357272303526,-0.3625563087100584
1,39.46388440833344,-0.36246259811477105
1,39.464543211386854,-0.36171127412793186
1,39.465519205937085,-0.3623864077728498
1,39.46560186535639,-0.3656950726078217
1,39.468757293588176,-0.37179626323699133
1,39.46953168019686,-0.36797933282102047
1,39.47026483097339,-0.3655313589693256
2,39.484449078004864,-0.3696816382292722
1,39.48601724741093,-0.3693646418166955
1,39.44597937656855,-0.33320853926319266
1,39.44771053483099,-0.3336462621747089
1,39.447965368234485,-0.33405126444556243
3,39.449539452034415,-0.3314953464031074
1,39.44927344634219,-0.3298124372758897
1,39.45181586474091,-0.3336125316727297
1,39.470318075532944,-0.36966082609444517
2,39.47136291796866,-0.3679031393002469
1,39.466995205778574,-0.3731396721961905
1,39.46798313443261,-0.3724947664845146
1,39.47607013621723,-0.3703799761238434
1,39.45912648467843,-0.3390707983423022
1,39.459000807090426,-0.3400256667477034
1,39.46065335791006,-0.3330603150766034
1,39.46200159776411,-0.3461764405494563
3,39.464536576030845,-0.32372976284080607
1,39.45885931704114,-0.3346498208441422
1,39.456485958632975,-0.39147191202530957
1,39.50288239024816,-0.4181035862461534
1,39.53960356638912,-0.4041090262601416
1,39.47327253989153,-0.3395131569347217
2,39.48107544249403,-0.3546989401664845
1,39.49011273731933,-0.3863960730464861
1,39.455585170438,-0.39218591755227394
1,39.477204614824956,-0.3601829146341488
1,39.47031720076521,-0.40060577622716353
3,39.4707870979664,-0.4007526364148599
1,39.47241513747627,-0.3586897660465356
1,39.48517324200403,-0.39992360877163435
1,39.46703842092473,-0.3805676558519139
3,39.442309454079464,-0.3744449257702038
1,39.47262728110942,-0.4028178636529802
1,39.47524561023176,-0.3482662053784396
1,39.49803226045273,-0.3948357919973137
1,39.47655547270066,-0.392429307738397
1,39.45134706021288,-0.3679267476984675
1,39.47992688818864,-0.3968550318026266
1,39.45490895740164,-0.36182468744654767
1,39.48711151341788,-0.3881617733950872
1,39.48550567341114,-0.3761640204939978
1,39.468266634477814,-0.329308073144336
1,39.467552487898445,-0.34917065867729
1,39.48166129539807,-0.3267886301629319
1,39.483407996066795,-0.3568057596535891
1,39.47868469450877,-0.3266658816760916
1,39.43887967727811,-0.3746089500667592
1,39.47696790116715,-0.3268142133548797
1,39.47639168429718,-0.32764450267350104
1,39.46007452835426,-0.39719624302314993
1,39.440102529595926,-0.3744411455032299
1,39.47921773097223,-0.39758860746372404
1,39.48111432879994,-0.39369755769362913
1,39.44338363295299,-0.3673918832359856
1,39.46230004813318,-0.3317302162630139
1,39.439856105980624,-0.3805944389979003
1,39.4555706484687,-0.3939700060666589
1,39.48359489848585,-0.384686103631369
6,39.49025585949019,-0.4038056241607816
1,39.45263614239789,-0.3848173085433787
1,39.46672128563472,-0.33828984455724886
1,39.47917361871032,-0.3522325191637963
1,39.46620042227319,-0.33574132155497416
1,39.30931923175651,-0.31765454734599496
1,39.462120848521614,-0.3513741468855397
1,39.516651812038475,-0.37671345141320656
1,39.49360416972251,-0.3958565983373559
1,39.47273758447548,-0.3355046190741823
1,39.48297554608317,-0.36054177302663404
1,39.48288978404644,-0.3588365906262214
1,39.47513083765958,-0.3620214888485437
1,39.45427084784209,-0.40640281876473233
1,39.464055604959654,-0.3862747364751884
1,39.46369872075842,-0.3860284055589942
1,39.46890219363547,-0.33082875087520064
1,39.5165955269736,-0.3762575461982957
1,39.483385507347336,-0.3311763621281449
1,39.479770553942906,-0.3938705513983348
1,39.455997604222574,-0.3872209046131032
1,39.4747319541322,-0.35184995735088603
1,39.45127392667765,-0.3924408749802001
1,39.48798045123146,-0.3926843900733949
1,39.46459364881021,-0.3676003422675734
1,39.46402797152415,-0.3529605816893969
1,39.46864507232649,-0.35531283405956504
1,39.43255395868893,-0.37501138052165217
1,39.46292785812285,-0.3390461260362745
1,39.490788977452524,-0.37540931246729087
1,39.48794837970893,-0.3616544447586972
1,39.46388678658228,-0.3670632374853076
1,39.46660827312583,-0.3632953239058071
1,39.46609711255289,-0.3645212515702949
1,39.46975059330797,-0.32941331836693527
1,39.4779562813574,-0.3323563628755647
1,39.45668042480908,-0.3965593124978559
1,39.517926674132255,-0.37693445136434567
1,39.49173263524236,-0.3871175422520127
1,39.49168454549162,-0.3870481977993469
1,39.468252864625434,-0.41030815075712623
1,39.464154744192925,-0.365385343014663
1,39.46929932045916,-0.40129018834961355
1,39.490763958117306,-0.39866954290259793
1,39.45753297444811,-0.365940563409942
1,39.46645304280474,-0.4101101406244542
1,39.467045791861956,-0.4092925966107317
1,39.44956860126591,-0.3737020071638536
1,39.46437962580109,-0.39360260667932073
1,39.46586244299873,-0.4085341281935962
1,39.45243694662573,-0.4052228670809414
1,39.45250992494028,-0.40471556994838903
1,39.46127696067647,-0.34273620989968384
1,39.47391620053053,-0.3490813029418418
1,39.444604517663215,-0.36758483191085556
1,39.468844629663934,-0.3934618271609513
1,39.45639009047518,-0.3930271247044867
1,39.46298045849066,-0.4013385027259542
1,39.46283025742875,-0.3983991695516316
1,39.45298482329637,-0.40375376381735284
1,39.46468558850379,-0.38801002507215326
1,39.454937553633236,-0.380138684780506
1,39.471438360661885,-0.3498803621982899
1,39.48166846938453,-0.3287936754287848
1,39.46727065205085,-0.4134685191995542
1,39.43182537833094,-0.3913050670453794
1,39.46485069030823,-0.4068586031833936
1,39.451020105733384,-0.3778673217027664
1,39.480513202977605,-0.3696352421442099
1,39.466155213815576,-0.4074686318738674
1,39.45542770337735,-0.3909085844263099
1,39.43960561321545,-0.38854496044560993
1,39.45718690439167,-0.3590429839293167
1,39.461280486375905,-0.3991160822387832
1,39.46000844125555,-0.40050945537013455
1,39.48788089549118,-0.36277633492299133
1,39.48681387036541,-0.36414407548344013
1,39.47042457850877,-0.40184705028429585
1,39.46682043439774,-0.39175237876033125
1,39.459687832506916,-0.3946210029052148
1,39.46384254836742,-0.3864642997171801
2,39.452256032975995,-0.3993972938568211
1,39.44636881224284,-0.3914040172818811
1,39.46654914080261,-0.3920629988538689
1,39.450590238627065,-0.3721871088780176
1,39.46368712592946,-0.38349465605799843
1,39.4573320108796,-0.3918434676747856
1,39.45937423920516,-0.40059495885640545
1,39.457913189124554,-0.3944995674195115
1,39.46453666289225,-0.33025674064816696
1,39.438844123979415,-0.3705599298925306
1,39.46403533356796,-0.4082930380567608
1,39.44483184182731,-0.3678969103418452
1,39.45358791890475,-0.36658010054517937
1,39.49151550070192,-0.36660046508056754
1,39.540601555046926,-0.40267269817446927
1,39.48364246687932,-0.32796570942866116
1,39.482961999458794,-0.3271637559805109
1,39.48229781019808,-0.32719256943924957
1,39.4828735628101,-0.32669782439231243
1,39.4856859993256,-0.40248240266852364
1,39.483733249572055,-0.3879617012063758
1,39.4661737534028,-0.3434683895938536
1,39.46537804963883,-0.3493826684850927
1,39.46523513573938,-0.34676451445490886
1,39.4659144219072,-0.34731771792521643
1,39.46727166545723,-0.347568018810549
1,39.48572346731992,-0.379356762177195
1,39.4810019382399,-0.3603690527206099
1,39.48158059457022,-0.36156804012465976
1,39.47672543675805,-0.36225015626065066
1,39.47051032354637,-0.4065913006664222
3,39.47293606104309,-0.3990002033881662
1,39.469932802494114,-0.3947605867333616
1,39.46323796534071,-0.39084848033307135
1,39.461247313565494,-0.3942082234349198
1,39.46606552992571,-0.39456609061394354
1,39.4631320276957,-0.3886282509012011
1,39.454681608432104,-0.39038488152439693
1,39.455207736250266,-0.3880044298389721
1,39.45926077205168,-0.36769485885467373
1,39.541545374052475,-0.40633067196692874
1,39.500801562927556,-0.4188209471309565
1,39.422349385752156,-0.33985397520489413
2,39.467581499853125,-0.3374307873955591
1,39.46739487594789,-0.33942667324003234
1,39.466549317830186,-0.3412504957904657
1,39.49042436611454,-0.3714590739799283
1,39.486188493472085,-0.3716393145524699
4,39.49535592010823,-0.3666130113105108
1,39.495862081432556,-0.3672647711368468
1,39.49613019619576,-0.3700953291629558
1,39.4951195890671,-0.36969156501661055
1,39.49378736932984,-0.3715098585905362
1,39.49440866300205,-0.37301340898568724
1,39.49659469571395,-0.37258522462870997
1,39.49872574641799,-0.37769475768248906
1,39.49711899358418,-0.3796372556509025
1,39.49672806911473,-0.38089875176081195
1,39.497315859149595,-0.38102201574147115
1,39.49327348959581,-0.3772246779494378
2,39.49190593714325,-0.3809944282061539
2,39.49175237779684,-0.37646174848503783
1,39.49152377567252,-0.37892847622962605
2,39.49102961956408,-0.37480833323561746
1,39.49112682563153,-0.37732765694116194
1,39.48988614926828,-0.38163432848510426
1,39.48927637382556,-0.38316804734015136
1,39.48831841685592,-0.3791457436408036
1,39.48895736273874,-0.3808289137148565
4,39.488519834705684,-0.3834032953483456
1,39.48789899191855,-0.37795283349120296
1,39.48910801067983,-0.3845117577020133
1,39.48645840584897,-0.3846532911922113
1,39.48458163644304,-0.38232661406201035
1,39.493890338324285,-0.39567590996434693
1,39.49637911860913,-0.3941214086683404
1,39.49242980320639,-0.39181966800773976
1,39.49153172024103,-0.3897027859859338
1,39.492206617599294,-0.3883803400560651
1,39.49269404008707,-0.3891729598620798
1,39.493743414138876,-0.38945779463600183
1,39.492369091337125,-0.3863021611340627
1,39.49287984085549,-0.38536382140301545
1,39.492630535766914,-0.3850481401381109
1,39.494000256430894,-0.39253677317817853
1,39.49430400494407,-0.39132504453327654
1,39.4955137186338,-0.39357527666339825
1,39.49441975324437,-0.3874070199129759
2,39.47826133688165,-0.4057510715053113
1,39.470879294634365,-0.39341383529983526
1,39.4809438405777,-0.3996881967431126
1,39.47356208583491,-0.3929516369985333
1,39.480741498912046,-0.39404098728460496
1,39.48281463222028,-0.3945162328442861
1,39.472033181950565,-0.39185920725388135
2,39.473762470550504,-0.3915333541980449
1,39.474059098112896,-0.38991697067017766
1,39.52778677771278,-0.3849787708106796
1,39.53665088305837,-0.4029357109075463
1,39.482947944100516,-0.38202298752389663
1,39.482562968910266,-0.3836228231878915
1,39.46167734982208,-0.3963309559641966
1,39.46220021076144,-0.39811807341649846
1,39.45938890681378,-0.4015139420486214
1,39.463571392950975,-0.40659635330839183
1,39.464175114751505,-0.4086711822265458
1,39.470183256934746,-0.41462716171908504
1,39.467000128612106,-0.40071041420597725
2,39.468267280412874,-0.40091607559937487
2,39.465619804104584,-0.39673349064863034
1,39.47122795164441,-0.40564369910286996
1,39.46728215604946,-0.40023140383651434
1,39.47159252826419,-0.3972128026273192
1,39.47160357638125,-0.3960362823947204
1,39.46595742943466,-0.39375675320630027
1,39.468743695981104,-0.39509876117076853
2,39.4695538566311,-0.394481366732471
1,39.473878348855415,-0.3989599882211915
2,39.47221888362426,-0.4030274783612164
1,39.47766162395679,-0.4004883854941409
2,39.47871625999367,-0.4032468990840228
2,39.46951435814074,-0.3247051777465361
1,39.468089702969415,-0.32975734029544296
2,39.4672063745832,-0.3302006330620965
1,39.46383412662529,-0.33190903629960816
3,39.46433252148067,-0.35044587380253656
1,39.46348278304491,-0.3441849496873325
1,39.4632470083555,-0.339887323255681
1,39.47401323711325,-0.3628463040201349
2,39.47418640044466,-0.36345479065200914
1,39.474136177108,-0.3637264239369697
1,39.47618875117626,-0.3661517213809064
1,39.475683042788944,-0.3657435186621699
1,39.47522322555703,-0.36401295977000897
2,39.47514285723156,-0.3621172133566998
4,39.475205956802874,-0.36081393787022514
1,39.45511304337947,-0.3679683312830567
1,39.384672683481554,-0.3330867293731521
1,39.4632382061045,-0.3344246256507738
1,39.43985186372516,-0.3896905331956873
1,39.433532557669764,-0.3899401571037272
1,39.496928322005076,-0.41507621291746305
1,39.47257675971319,-0.33120268654396406
1,39.462939285886364,-0.3997067830095957
1,39.452370475706374,-0.36348691368781955
1,39.468177689636285,-0.40091737684311435
1,39.47938571343379,-0.35203452096747756
1,39.464222095399194,-0.3541154722204588
1,39.45217339098609,-0.3859059901830886
1,39.46950648441088,-0.37098105656091607
1,39.4707036806855,-0.3688383477400197
1,39.46026267673659,-0.33890745286395235
2,39.458772996814446,-0.3380191847815993
1,39.460038767382684,-0.3344592087421189
1,39.42195534212075,-0.3354854391898261
1,39.47246694629246,-0.3954312881395718
1,39.451784733504,-0.33327066630851626
1,39.46184739687447,-0.4024172179663478
1,39.45253106347414,-0.39890852194460835
1,39.46011093798098,-0.3875604413353949
1,39.504499611585146,-0.42089810690044593
1,39.51421241968721,-0.3901642775026235
1,39.48651109894421,-0.3906665064731988
1,39.485612898122014,-0.3908146956389032
1,39.479774027106885,-0.3935867821248228
1,39.468658194800845,-0.33757534425280655
1,39.425429981305896,-0.3620222793833524
1,39.481505163333665,-0.4033898921083237
1,39.45811031175381,-0.40672931925967437
1,39.466181878549094,-0.3271929052563508
1,39.50458707728244,-0.42040947875431534
1,39.50441820411728,-0.41917408730106376
1,39.48228387883184,-0.40319042762304297
1,39.49293066669112,-0.4002789140616054
1,39.46776474278645,-0.39248881269036384
1,39.463941466085494,-0.3287713784062179
1,39.47943634796394,-0.40054657438455976
1,39.493920609807724,-0.38363020840428885
1,39.30742822459,-0.29702937268816565
1,39.29784578538756,-0.2890813884211152
1,39.49788157164691,-0.38276106082808553
1,39.49669239709659,-0.38298630252210814
1,39.294366450433394,-0.2860744333919058
1,39.29020785544698,-0.28328526921361175
1,39.4676902729433,-0.38913499142327296
1,39.4675107143864,-0.3895534973287886
1,39.46655639873045,-0.39265345866895246
1,39.46651174913512,-0.3925517874570669
1,39.472282515303434,-0.32806558060892405
1,39.48660904225036,-0.3539207635105577
1,39.46368321518722,-0.35654721645169557
1,39.46188038414523,-0.38125654153593636
1,39.453802463220725,-0.36100576051235156
1,39.4545098936627,-0.4046483041284787
1,39.43440747578655,-0.388441861338347
1,39.47237062530926,-0.36145460250249734
1,39.47297102922978,-0.32796349577146305
1,39.489882733539545,-0.3568812165358449
1,39.45627913827956,-0.36718378796677875
1,39.46857834494602,-0.38601194621713386
1,39.48474660617962,-0.38206072650703427
1,39.485051361284015,-0.37962415091014634
1,39.498348636623135,-0.37655327689374674
1,39.488345847435795,-0.3721525908968058
1,39.47115567234484,-0.391391352598165
1,39.48155969649384,-0.3956985725757943
1,39.45483536442848,-0.39517519374428783
1,39.4535690562091,-0.3931473346769583
1,39.45319724374217,-0.39036857966585053
1,39.47434752311587,-0.3328671004491415
1,39.47354872453196,-0.4025454841070026
1,39.45214183276385,-0.3910749048769774
1,39.451750421610875,-0.39015942865667513
1,39.4510648695279,-0.3919651710848422
1,39.45753362786514,-0.3690314655310535
1,39.45854820444726,-0.36973298549494504
1,39.49157804409862,-0.40732785936641625
1,39.45818823587791,-0.38415552118442475
1,39.45845361863316,-0.3674494120241564
1,39.456643128344275,-0.3661002710338483
1,39.4566871038471,-0.3649180899618466
1,39.456303349513085,-0.38407759854292384
1,39.45681148659504,-0.38450004455222075
1,39.45691062141015,-0.38614312880755153
1,39.45854300541413,-0.3857387123791906
1,39.45655286703089,-0.37467542351015104
1,39.45268636506579,-0.37838033852904923
1,39.46589979730967,-0.40802165412012226
1,39.4743976333208,-0.3542800780360191
1,39.47242520034471,-0.3701415189337344
1,39.46883083603074,-0.3299264341877281
1,39.46825648931893,-0.3292190338035796
1,39.43282208990861,-0.391772674407432
1,39.48482891501999,-0.3794547106739588
1,39.47262049485067,-0.35541604763089474
1,39.4711225335661,-0.3557025956072412
1,39.471307675814145,-0.3551643503763401
1,39.483992056090656,-0.38559029013420265
1,39.468601878556996,-0.35814012022617003
1,39.431654518127374,-0.34316696967202914
1,39.465112736701215,-0.3577292914746088
1,39.456336364034456,-0.3724121819622131
1,39.45514657734174,-0.373164910288624
1,39.4957518326123,-0.38164857321758355
1,39.49146492521281,-0.38226589752413626
1,39.46146249082849,-0.3450036263180342
1,39.45340822187843,-0.33657238022283764
1,39.45464489641362,-0.37221970268937454
1,39.4552979986239,-0.3675301905705586
1,39.280908641206246,-0.27719009486941104
1,39.470055159434864,-0.37935154275872784
1,39.46232850198455,-0.4006091497392979
1,39.48669265024633,-0.378985710136462
1,39.44348433757504,-0.3891244411085218
1,39.457731905017475,-0.33925509161919987
1,39.50302053789371,-0.41590427009407027
1,39.48155274913471,-0.369495405335074
1,39.289107044369075,-0.2826175910029717
1,39.291258424599654,-0.2842221291655069
1,39.458662935034916,-0.350406487596682
1,39.42769529075453,-0.392440630580063
1,39.496757079039284,-0.41904679855053895
1,39.49665277708917,-0.42134792706847723
1,39.47736102754688,-0.3504143063613099
1,39.47476067215359,-0.32955955377488294
1,39.472745602099906,-0.3308865739457049
1,39.47416392007205,-0.32923123618429023
1,39.47493852715096,-0.3645959009532302
1,39.47101792175997,-0.33036205836288124
1,39.471042884527016,-0.3302675346918452
1,39.47068139537614,-0.33194696089744224
1,39.469798025058644,-0.35726121797115346
1,39.46870353290753,-0.3588867910889899
1,39.469189900104425,-0.3571872781570926
1,39.46817058453572,-0.3304608436127255
1,39.47127748367996,-0.39622202214559976
1,39.475510559297895,-0.35476649290378737
1,39.47564953450742,-0.3545882795425163
1,39.49812775673777,-0.37473080268180037
1,39.4934806239519,-0.3946060278804496
2,39.49316586728348,-0.3941629833737168
2,39.46991186898289,-0.3785117047284571
1,39.470779092925014,-0.3778616620066091
1,39.471388068173276,-0.3774020877695984
1,39.47171525026501,-0.37715662464744937
1,39.44930228998488,-0.38911181638417397
1,39.44749769301131,-0.37381458669763845
1,39.47508217207272,-0.3934252059416388
1,39.43236306097885,-0.36076035968928916
1,39.48213271225762,-0.37141689084864965
1,39.498575442296605,-0.4201037233296504
1,39.45174231271746,-0.3348204770842173
1,39.49098614711134,-0.3751841457223381
1,39.49776759170152,-0.3790119031476912
1,39.470779901546415,-0.33885766841253717
1,39.4809678859564,-0.35482790674222936
1,39.43927048191248,-0.38689333814010063
1,39.48287339986391,-0.36442916187241464
1,39.497482093353746,-0.37672447922943736
1,39.44953653439935,-0.3905044573213392
1,39.46366763142166,-0.35049812561729415
1,39.49098504717014,-0.3881283787333378
1,39.44936252950256,-0.3821900512624207
2,39.47370959708429,-0.3255514358958815
1,39.50294670756638,-0.42386411346136216
1,39.47380791429271,-0.34871322758033363
1,39.4794353196277,-0.3831465847754467
1,39.47168688465241,-0.41000423072222275
1,39.451202131767815,-0.3721012838269233
1,39.4868485250216,-0.3568471932316313
1,39.47800438277504,-0.35606173727855456
1,39.30790943592562,-0.3176060805894012
1,39.423492573549225,-0.36248066084797836
1,39.52738877383517,-0.38571493236397875
1,39.47129512436868,-0.3445493117505837
1,39.47008880196981,-0.3916224825288018
1,39.50147037764714,-0.42513661185749496
1,39.47006116124603,-0.34668074648924563
1,39.443503413177964,-0.38888519043354947
1,39.45149122628505,-0.3749098525086655
1,39.47380222800834,-0.40124734853291644
1,39.4742085115084,-0.33010774671985854
1,39.468095005107585,-0.3794893289242001
1,39.465730940856105,-0.3685194133853641
1,39.424123889843145,-0.3647919328441771
2,39.42809615140605,-0.36209006199560395
1,39.461193091601096,-0.4008573201067079
1,39.451706866851026,-0.40340510974144234
1,39.48305273443332,-0.3608036015611298
1,39.461813024964535,-0.35399092416323286
1,39.46402946398971,-0.3466172476459631
1,39.4280533075982,-0.3655740354217062
1,39.44744447808269,-0.3703035229342807
1,39.48162581686807,-0.39830928907387014
1,39.48740805904043,-0.3602628684240497
1,39.46574349064967,-0.40657746268371103
1,39.46577538594443,-0.35395236609579
1,39.38050879231024,-0.3245938378910544
1,39.46299542962689,-0.40098511690160754
1,39.4522147963007,-0.34811840471265065
1,39.450835715431865,-0.33973844552302246
1,39.49943910864094,-0.41827247940840856
1,39.45440329084116,-0.354339034252168
1,39.280876843629336,-0.2772272150197845
1,39.450641459351324,-0.3899250885746892
1,39.46235146117621,-0.3954753026038704
1,39.488374271558065,-0.3848647606470168
1,39.4685096290249,-0.3248830646091321
1,39.48453267016802,-0.35578155516989346
1,39.485465951977496,-0.37196583247144516
1,39.48675141943402,-0.3734913054219434
1,39.42832900221071,-0.36301836113435065
1,39.463290034909846,-0.3479532640185939
1,39.454824872451105,-0.3442188429083159
1,39.462329021657766,-0.3416119771467807
1,39.46268958356027,-0.3353450841823575
4,39.43533873406427,-0.390437260134138
1,39.440285579098095,-0.3849744709795231
1,39.44034528456039,-0.38510438519637047
1,39.48609953442826,-0.3728891080277975
1,39.44097273219697,-0.38447653275463606
1,39.44084953226135,-0.3834984707494122
1,39.439977099250335,-0.3821745829328452
1,39.43872156072915,-0.3819432527598066
1,39.43879052204447,-0.3826300350772852
1,39.43890952882504,-0.3838205350565031
1,39.439072254666485,-0.383542727625177
1,39.45988854470656,-0.36321186403889866
1,39.46171127082951,-0.36077879144575586
1,39.44896682153495,-0.3670662932736365
1,39.539557674084776,-0.40475522619929777
1,39.45805157922513,-0.35813656928365917
1,39.457160656124785,-0.35868793732251214
1,39.46904054517152,-0.3455779444742444
1,39.50356034675575,-0.4179575639020009
1,39.47949531185436,-0.3657303773096699
1,39.479351998103795,-0.36523755430473287
1,39.47538667829282,-0.40233750243745464
1,39.47884432269509,-0.3917424569427448
1,39.477946436110216,-0.35994672677712597
1,39.48525645499206,-0.38444924829309735
1,39.4854954261225,-0.37341681709927405
1,39.47556886172079,-0.40094012294648534
1,39.48043767216521,-0.3557310119920913
1,39.48184889383048,-0.3649947298728925
1,39.444715522731336,-0.38965429637865645
1,39.46678953281763,-0.3847308189462534
1,39.45450193895399,-0.3600559695860212
1,39.454663095464994,-0.399843294357402
1,39.46880357336421,-0.3985303645208453
1,39.480663703959095,-0.3866400521282616
1,39.47268361783633,-0.34481906199191575
1,39.489661980186376,-0.39343933157322
1,39.49011882708591,-0.39385309196617985
1,39.46740448704491,-0.3398154180091186
1,39.49142179167449,-0.3936106961527816
1,39.50166505443299,-0.420257951848623
1,39.4936032965688,-0.37616270103850885
1,39.500492831372156,-0.42279414219299244
1,39.47280424718251,-0.36026229870398085
1,39.449666889841836,-0.39118898094615334
1,39.4444001859813,-0.3892451616332771
1,39.485353361388526,-0.39820569045343535
1,39.47907428123414,-0.35702247633134854
1,39.47371530736652,-0.3316395825353132
1,39.46689199566069,-0.3495400976774258
1,39.493502340950464,-0.38170491409044444
1,39.46779703540902,-0.4044135976794515
1,39.47047225115874,-0.38735808443393827
1,39.46308574906254,-0.4100854106461485
1,39.47603452768892,-0.39940228297269803
1,39.48934634335397,-0.3911750813966146
1,39.48516038399011,-0.36945641530330253
1,39.48074761134013,-0.4036338096333312
1,39.457179553640394,-0.3832694798512811
1,39.470658479107186,-0.35707857306016494
1,39.473525291169494,-0.3296667398405339
3,39.46835928690806,-0.389233688983927
1,39.47122177528701,-0.33301247755525737
1,39.50543970736636,-0.4212381708469765
1,39.502692691274746,-0.4199792614971068
1,39.45257072760045,-0.3780644295163638
1,39.447155040463564,-0.3796860933872119
1,39.47246610732859,-0.3895600777021221
1,39.46109499672319,-0.34369555576350364
1,39.46089989154082,-0.348154597218466
1,39.45612381982926,-0.37684137937001716
1,39.45515243196852,-0.3763786615629825
1,39.45276930155503,-0.3769976729935363
1,39.48828868222618,-0.3875658185228546
1,39.48793108693857,-0.3748636840733116
1,39.49499125282398,-0.40112715739966137
2,39.48839674769516,-0.39532429864303276
1,39.45222713574313,-0.3731728570001608
1,39.46860020028388,-0.33255614180899185
1,39.47105222206707,-0.3877693219707551
1,39.467800177374514,-0.34716839129366295
1,39.494363404777495,-0.3974082652345521
1,39.49359003747759,-0.3973793916216182
1,39.49569836874445,-0.3970553638294446
1,39.49340212040127,-0.3963072359219618
1,39.467932176789766,-0.3478647648441354
1,39.46167546957047,-0.344068144195736
1,39.4825816815608,-0.3830083882095358
1,39.45827581934267,-0.39413138664410824
1,39.46051939916866,-0.3926705628549674
1,39.46175480238573,-0.3926554903971906
1,39.459865854702514,-0.39435411600544973
1,39.460003438006105,-0.3960708849139192
1,39.4650079907993,-0.39324027106977516
1,39.46583657192792,-0.3910423961514726
1,39.46341285344421,-0.38887936685153174
1,39.46614028790093,-0.38986372610304193
1,39.46438629338321,-0.3874976288284669
1,39.46537509290068,-0.3874415471849375
2,39.464954114544,-0.38616165039131933
1,39.46872915237698,-0.38694410534551105
1,39.46980524606143,-0.38673096415819025
2,39.47479564012021,-0.3246812906801667
1,39.47392125983175,-0.32821931044103514
1,39.472393595587526,-0.3325932942050626
1,39.47637777616928,-0.32873340117030014
5,39.47889362332985,-0.3253410462955721
2,39.48121628384856,-0.3247711693856011
2,39.48285163089199,-0.3250179050210763
1,39.47785178936509,-0.3312829294608283
1,39.47839031487644,-0.3314952369181453
1,39.485806214968875,-0.35405352043739474
1,39.48582863406221,-0.35637786830806045
1,39.49180133309088,-0.35729937593488015
1,39.27994175859112,-0.2768053512483198
1,39.349237246070835,-0.3236051957866566
1,39.355302484827085,-0.3221979189810734
1,39.36473904746323,-0.32171845152974654
1,39.42230060148593,-0.3398401270505954
1,39.42640558456088,-0.36299430552641543
1,39.42863396923118,-0.3637404384481249
1,39.46823889508823,-0.340485700936553
1,39.468727386128904,-0.34258311407701203
2,39.47141530076945,-0.34052438245535777
1,39.47099940705835,-0.3391172566656214
1,39.470304188403276,-0.3367629654499623
1,39.46981079249757,-0.3382588759366946
1,39.4545230452242,-0.37977087313219926
1,39.46148608650317,-0.34006687079141407
1,39.46786134845839,-0.3422002445557548
1,39.468581968593654,-0.3487704158945368
1,39.470424540075015,-0.3501418106690941
1,39.46952078487392,-0.3453658082832938
1,39.48729335888447,-0.3646428049194296
1,39.470401906337536,-0.3416102579552064
1,39.47076663095581,-0.342489619226462
1,39.46928064809714,-0.343347038487451
1,39.47145120489811,-0.3463916270965073
1,39.468532066272004,-0.34486111832317756
1,39.46952340801091,-0.34694461124000053
1,39.46957134808993,-0.3482291591658747
1,39.47098712994441,-0.34635699762897676
1,39.47279350039996,-0.3517023687309105
1,39.47265561436366,-0.34818262996458094
1,39.47173600057543,-0.3490335210980568
1,39.49425061204898,-0.3755168757481503
1,39.49069856277467,-0.36969217202808624
1,39.49791903817434,-0.37834705212622866
1,39.491420630148966,-0.38800249681214793
1,39.49219754433189,-0.3969569720738666
2,39.491627843795,-0.38467684130448176
1,39.49240804857266,-0.3884999413287526
1,39.46457180259547,-0.3546392236260302
1,39.46671106690571,-0.35277211703677414
1,39.46837328440202,-0.3545318193538111
1,39.46943153649758,-0.3530261182479227
1,39.47058868681777,-0.3529130706033139
1,39.45514517921605,-0.3725072429492163
1,39.485420561627976,-0.36678378778987014
1,39.47663839121913,-0.39159763709220025
1,39.45434532840136,-0.3915138557660838
1,39.42838999029091,-0.392865905045777
1,39.43594644026288,-0.3896723257882087
1,39.44271495726018,-0.39798226259991604
2,39.44332532011857,-0.3980085783374535
2,39.44315368671688,-0.3963813915330885
1,39.443043254251464,-0.39161297448064375
1,39.444082585338506,-0.39092810926880694
2,39.44446283182509,-0.38723565898433415
2,39.4476544447574,-0.3884143996005429
1,39.44726058836125,-0.3866609182749279
1,39.45461412343897,-0.40503712385130236
1,39.448795606986195,-0.3958839015334772
1,39.448652821206075,-0.3867177185624965
1,39.44913821967032,-0.38913181060003216
1,39.45185923352737,-0.3881258862843694
1,39.45373889173553,-0.3836063070750888
1,39.454253288414925,-0.3864800896608129
1,39.47561502987067,-0.39237573728834174
1,39.47659627064355,-0.39006633315804884
3,39.48644301841303,-0.3890834775985781
1,39.486267207057224,-0.3901158879771821
3,39.483180976471715,-0.39377991686652164
1,39.483048172817455,-0.39546927498880236
1,39.45259569283751,-0.3907704741728006
2,39.4526597399213,-0.3899741794443039
1,39.45389897161604,-0.3909400985146926
1,39.453697946243615,-0.3898241881957485
1,39.45562746159072,-0.3900032363288113
1,39.456158321397396,-0.38787015975066386
1,39.45676633345865,-0.3905762532165657
1,39.45307602972874,-0.38018647156446966
1,39.484310633502815,-0.395680406683625
1,39.48593100641331,-0.3987984257355801
1,39.48467759302181,-0.40170248120190427
2,39.48996904689911,-0.40421051529842816
1,39.48901916712422,-0.4012320679620914
1,39.491819832707954,-0.4031814925137169
1,39.49034185190597,-0.3949182521552087
1,39.45593176793522,-0.3769219210413419
1,39.45721786017783,-0.38488172765764167
1,39.45965828825131,-0.38615203311327756
2,39.461386837239466,-0.3856565536067235
1,39.46158210264081,-0.3851827943037683
2,39.461992259336256,-0.3819436610908181
3,39.46233232436356,-0.38371426751615567
1,39.46274852625982,-0.38440042147206777
1,39.46408571941733,-0.38484261070312825
4,39.46434079152743,-0.3810159409473167
2,39.45995766649426,-0.3890403338634504
1,39.49957692972409,-0.41953227964921713
1,39.50272044181141,-0.41829062182265364
1,39.50323576605634,-0.4252521147016574
1,39.497162263438476,-0.42571181267460717
1,39.502396428235166,-0.42500925817346236
1,39.50230017740666,-0.4256113269415047
1,39.49940437445118,-0.42520288193818767
1,39.46534737163639,-0.3292151625769926
1,39.49058059486729,-0.3854412117749433
1,39.50259168010079,-0.4143370515131352
1,39.46339293177816,-0.40100629277309213
1,39.4674867433008,-0.3293525407459623
1,39.49118930056296,-0.39457070031959207
3,39.47151379093678,-0.40016485189892737
1,39.46987247197842,-0.4015617629153697
1,39.48467583909475,-0.3615647103496428
1,39.45719424028394,-0.3443362547298501
1,39.4470170211011,-0.3904217579887477
1,39.45724178209511,-0.38543205228267546
1,39.502120843978155,-0.4179173249708826
1,39.455384728161,-0.34171096362929504
1,39.45015982178961,-0.37286524852612585
1,39.45381589741067,-0.37845810335754504
1,39.490050241237,-0.3753798446798125
1,39.50169177137268,-0.4165746144158314
1,39.49158218876406,-0.37744804881562743
2,39.47238803243218,-0.37948333774374204
1,39.46248621381824,-0.3307851679009682
1,39.46447530192977,-0.4083440834551532
1,39.45462539549513,-0.38061100809102705
1,39.49633749590992,-0.3745835198445562
1,39.48866326181184,-0.35813327041825416
1,39.48837089277488,-0.36015048128271576
1,39.4863978286997,-0.3578106431346061
1,39.484703100189,-0.3616583717340621
2,39.4835207956714,-0.3607771203184237
1,39.4872263136919,-0.36347319162012115
1,39.48794809377765,-0.3653473825652426
1,39.45179918543584,-0.35811336842062164
1,39.449917121137894,-0.3704923738342727
1,39.449517601404864,-0.3689427838847384
1,39.45215204160258,-0.35962496577026865
1,39.454775439799874,-0.35940653382804605
1,39.45495791707907,-0.36010308003680946
1,39.45601103353677,-0.36010257812074753
1,39.45657538572861,-0.3606672535687115
1,39.457571194326356,-0.35889877042197
5,39.45157393002772,-0.3668716289168595
1,39.451042831322965,-0.3686368641507341
1,39.44282918630948,-0.3684370194951055
2,39.479995390293034,-0.34661333847947917
1,39.476069966183005,-0.3353940723984725
1,39.47324497935673,-0.334457573771531
1,39.4727808750866,-0.3359861205015678
1,39.474015522615915,-0.33681148258624555
1,39.47386299204407,-0.3461131179698687
1,39.471875154277825,-0.3393689900213926
1,39.474760806007566,-0.3471879457093519
1,39.47598818215292,-0.34838892283157546
1,39.473371939597115,-0.35230785750441795
1,39.45617475168146,-0.3728870561265211
1,39.45550769026525,-0.3701705988882305
1,39.45683634240409,-0.367537380367996
1,39.45626075469303,-0.36642726306484974
1,39.456145594877995,-0.36485495320622513
1,39.458432417504156,-0.3629502044170207
1,39.4568251974604,-0.3625473679300942
1,39.45789129680937,-0.37155975676044695
1,39.45860940356319,-0.369173477333234
1,39.48115666523183,-0.3568787271280673
1,39.47937905863433,-0.3534087912751541
1,39.4718845927692,-0.3594560228154066
1,39.47591544008316,-0.35689335038434555
1,39.47833860322782,-0.357185068454283
1,39.48178651953415,-0.36089414599473096
1,39.485903077397,-0.3663440290480749
1,39.461205886722745,-0.3619397781204788
1,39.46652656080264,-0.36891687782925875
1,39.46766896941938,-0.36818221110908445
1,39.46719110519363,-0.37069662755290256
1,39.46790230294844,-0.37119513436318763
1,39.468600259463685,-0.36737469954518004
1,39.47007584437132,-0.36986966617277667
1,39.48521710822984,-0.36750584353414756
1,39.48887911946979,-0.36414368699824146
1,39.487379430816496,-0.3686943896816873
1,39.44630620192602,-0.3319385247217011
1,39.44877472643985,-0.33306494337073167
1,39.44930513099363,-0.33151325594629877
1,39.45045927603295,-0.33441626929231866
1,39.4511746296376,-0.3328131378895692
1,39.45236183334234,-0.333067240682834
1,39.470047356295254,-0.3699392244613557
2,39.460135459412605,-0.34565496725672884
1,39.4617710268582,-0.3485500634672023
1,39.45998862598313,-0.33736347724565335
1,39.46032494018793,-0.3348606929701009
1,39.461912912954666,-0.33516399276573877
1,39.46171257659284,-0.3463191711040907
1,39.46216404103989,-0.34597157674502127
1,39.463325845899135,-0.3464062646588274
2,39.4633532021281,-0.3235734639872218
3,39.464247673174114,-0.32369212727742336
1,39.46661827123408,-0.3264731047346307
1,39.46601298655808,-0.3273199789513271
1,39.46925732602709,-0.3254223792094621
1,39.497611228224244,-0.3735826682250616
1,39.473046291299646,-0.3629488133339975
1,39.44814929550258,-0.3349828245355297
1,39.44857691784121,-0.33041840783109055
1,39.447042973541784,-0.33518751256480966
1,39.459927642834316,-0.3512574622570317
1,39.483109381899986,-0.3845657707448776
1,39.48579424653993,-0.35585400221953445
1,39.463685609682315,-0.3410293656513859
1,39.470619413194605,-0.3372873948434924
1,39.47019758303854,-0.3835865278024271
1,39.49820218889169,-0.4196461015876399
1,39.49742117771103,-0.4152487852978988
1,39.44715276752376,-0.3323056159426978
1,39.48996476041575,-0.37689918488535407
1,39.470392683824485,-0.39840391674168435
1,39.47037944461379,-0.404918193874484
1,39.46021511395275,-0.3358979589401958
1,39.47874908053986,-0.3971222906254173
1,39.49699985719903,-0.3739413541494383
1,39.49670536702658,-0.39366732476003563
1,39.468676683297,-0.40555122413236516
1,39.46278309988757,-0.33370507622243195
1,39.46740092459709,-0.3482711403187528
1,39.463268113537126,-0.3974511774780294
1,39.46378906784035,-0.3299538120531806
1,39.50405037526718,-0.42024384962489814
1,39.47530727933419,-0.3928980880816957
2,39.473791395228154,-0.3642142049875729
1,39.54009367504927,-0.4053588362617842
1,39.4844989286864,-0.3589202461953693
1,39.4898669268663,-0.3938914182258391
2,39.46792119878839,-0.3889189885181272
5,39.48273523190571,-0.3255240507335444
1,39.485156136273,-0.3854509556543427
1,39.47907444463381,-0.35503532741663113
1,39.46874845237622,-0.32870972987283303
1,39.48848527272047,-0.39020418194692075
1,39.46312326323681,-0.39472357483306747
1,39.47858625943087,-0.32796951825268333
1,39.47895030193186,-0.32666485557716013
1,39.46226749318667,-0.39654215016992594
1,39.46244945606482,-0.33657793380709927
1,39.477684270620365,-0.3266989152154229
1,39.47775627831344,-0.32687557085696806
1,39.46426662807873,-0.3349306157558552
1,39.43913302923543,-0.3745736981693064
1,39.462548631917834,-0.39618827948867724
1,39.46415251769199,-0.3340776612439998
1,39.46376475608526,-0.33192184493967136
1,39.46372196167279,-0.3315289625940092
1,39.439986889408196,-0.37446016412112626
1,39.480036926229076,-0.3956795939773866
1,39.44355890738232,-0.3663427914768102
1,39.44327868235674,-0.36744527578689257
1,39.44273593145172,-0.3676419229561373
1,39.44049061597909,-0.3783235503186456
1,39.4636550622112,-0.3315159919800734
1,39.44056151216335,-0.3801889339947698
1,39.49518384329318,-0.3718857662375513
1,39.4527815585379,-0.3771467920410102
1,39.45114995270695,-0.37910961418248323
1,39.4634584005457,-0.3931880692671209
6,39.49028651967272,-0.4038126218891963
1,39.47732176146039,-0.36268270915637824
1,39.472888801991125,-0.39152199445371455
1,39.4706338530964,-0.34641189955800683
1,39.48356298632222,-0.3593001750489195
1,39.46630921472061,-0.3361116300983477
1,39.47033593282634,-0.39535515878146005
1,39.46384655238035,-0.35248558637146404
2,39.497781884069575,-0.3999192472575065
1,39.477338438987026,-0.3468630001756002
1,39.487354012940074,-0.36086002647206666
1,39.48268612720159,-0.35913484311214894
1,39.48676815842792,-0.3689609193913458
1,39.47027229928742,-0.40432950705510057
1,39.48179415832126,-0.3292055484490577
1,39.452648423741586,-0.3859234815736864
1,39.494889087436725,-0.39440402569438043
1,39.496282130392885,-0.37549040741814127
1,39.49046807079875,-0.3689296579391648
1,39.46671358266365,-0.3271866250142398
1,39.457846543293904,-0.38481136475057426
1,39.46505393541761,-0.3705188446753225
1,39.49525444551862,-0.3736336520840139
1,39.45225233079269,-0.3741215770207305
1,39.46796965979732,-0.34901993383360963
1,39.483197029752596,-0.32979109130477
1,39.48251662295714,-0.3290547244290538
1,39.48606073092543,-0.3718575704455354
1,39.450096083378924,-0.33410303662406626
1,39.46590274378404,-0.3904217570391327
1,39.48919072913743,-0.3729654832355536
1,39.42798988368361,-0.36198646921140265
1,39.47679384569866,-0.3504660742903792
1,39.44884867687283,-0.37702945968856927
1,39.46897765423766,-0.40534397800927985
1,39.48405033561988,-0.33031411837254604
1,39.47735989691993,-0.39698848970251477
1,39.481537239478925,-0.3315473099641636
1,39.48352242226409,-0.3302849900931383
1,39.432146634760734,-0.37589883983151995
1,39.517428384316254,-0.3768004637924359
1,39.5173836562132,-0.3768092540817641
1,39.488823948527134,-0.37625420820513933
1,39.4516261807568,-0.37969790969842426
1,39.45459380215042,-0.3695325233579222
1,39.4499250880105,-0.3802373703277653
2,39.47862255950228,-0.32469178975539315
1,39.44814633072588,-0.3318599897445045
1,39.50283026882526,-0.4196333964918047
1,39.49526068978388,-0.37223357051531936
1,39.49412011379952,-0.3767540940947135
1,39.4456234344356,-0.33464649365867927
1,39.46859559346574,-0.4121250479602599
1,39.48470459194261,-0.40049768516282463
1,39.45913922071904,-0.34093439167914263
1,39.493062063895124,-0.39014646717249957
1,39.45544480615834,-0.37006418289370935
1,39.47456805213881,-0.34874469431269944
1,39.47366993589383,-0.3518411387824765
1,39.472315555560954,-0.35234626531462515
1,39.47167980066434,-0.35195811262161064
1,39.47154724184051,-0.3519377785278899
1,39.45908095217734,-0.38830048476573925
1,39.457602554314875,-0.38950968808340536
1,39.452024931173874,-0.4050737770042495
1,39.45440641303445,-0.4035933165307108
1,39.45074890855302,-0.39237900284239313
1,39.459142445821506,-0.3616399443985291
1,39.44880052281593,-0.37753121186170996
1,39.46254119093228,-0.39711529793165096
1,39.46311986805182,-0.3979566815208238
1,39.45287663563002,-0.40369325574826154
1,39.49371737385799,-0.3745012109536342
1,39.460369401342064,-0.3460057442971981
1,39.489163998324166,-0.37175155892931333
1,39.49191439275531,-0.38087636357219923
1,39.46897392674672,-0.41282816862423194
1,39.46724797979679,-0.41251193828602406
2,39.46927086135864,-0.4110402714943752
1,39.45669116342284,-0.403496809678009
1,39.45548979561802,-0.4026049092214031
1,39.47170195351043,-0.3335135550564693
1,39.47917617633994,-0.3321925761017555
1,39.46313158218055,-0.38783554786885954
1,39.45758810727264,-0.3577503313867434
1,39.462934043279596,-0.3969875697470856
1,39.45796506915786,-0.3577728396359778
1,39.457728618078306,-0.3575756232653081
1,39.476585014397955,-0.3994140760148142
1,39.476464809783714,-0.4017088854139125
1,39.45103272508339,-0.37064597291365525
1,39.49346470522307,-0.3883375263598133
1,39.4859294172382,-0.364154795905912
1,39.48993820607213,-0.3564700183994724
1,39.442353663338885,-0.36795155605132784
1,39.463389664593855,-0.4002741612125638
1,39.491616538691815,-0.3602603348634598
1,39.45948910130579,-0.36547324098471207
1,39.47105058028695,-0.4026412167506264
1,39.44976444474533,-0.3723906939358888
1,39.4924828998785,-0.38211517938853995
1,39.43977844838811,-0.3786119005187332
2,39.44003376356532,-0.378554188590468
1,39.44016717660426,-0.37854984635600025
2,39.46182094858889,-0.40346306081767225
1,39.46305164833971,-0.3955879794095287
1,39.45246375675381,-0.3794069598323073
1,39.42172871633449,-0.3372255514166177
1,39.48102250670441,-0.32937836289853334
1,39.48080553149068,-0.3290718474023572
1,39.53981370070714,-0.4059331982074052
1,39.4528807496473,-0.38015028823596675
1,39.31237849967024,-0.31798336984345127
1,39.47429049446058,-0.3884239286199054
1,39.46711034766607,-0.34557521472151376
2,39.46801224651733,-0.3451159981643634
1,39.466070723927345,-0.3374925173890544
1,39.4683127682447,-0.33506251879694465
1,39.48823791978254,-0.3854815042813997
1,39.484625920493656,-0.39806457813164725
1,39.49141389880905,-0.3745368575414696
1,39.485891302865596,-0.3671891853724353
1,39.47014440968384,-0.40300445701450227
1,39.47203797047161,-0.40599795826548235
1,39.469865428251204,-0.3933577975464734
1,39.46869115440994,-0.4008753635979263
1,39.461610186375275,-0.39057758567203654
1,39.46673125056647,-0.3939161930548369
1,39.44441061046796,-0.392060300657001
1,39.43909347632711,-0.39042056746963516
1,39.45500417430461,-0.3829709757260302
1,39.44883666333022,-0.37782616170030103
1,39.42989227616166,-0.362212675230914
1,39.463229126701236,-0.3398271390688101
1,39.466404971064904,-0.341002849809224
1,39.489031964534966,-0.3702046324721384
1,39.48505627781974,-0.37229486011835383
1,39.48975408725453,-0.36968992730534994
1,39.491156050055366,-0.37029853086536085
1,39.491709922804894,-0.36987804229691723
2,39.4938835308284,-0.3680293164953272
1,39.4923894937211,-0.3713300853388325
1,39.49491006831113,-0.3679926727444274
1,39.49717218178753,-0.3698197813623025
1,39.49498198720953,-0.3695641304824283
1,39.49401389982749,-0.36963946366442924
1,39.497253665816295,-0.37372155263572576
1,39.50472080538994,-0.3837595501324604
1,39.49773798435345,-0.37624637280699325
1,39.494303419732134,-0.3773237701411062
1,39.492564044240524,-0.3817478433711826
1,39.4931397744515,-0.3758901071455945
1,39.4921554143652,-0.3746343113586307
1,39.49000312775016,-0.3744221335845592
1,39.4906546981369,-0.37949839546188135
1,39.49067077944577,-0.3794205309935151
2,39.49029928575139,-0.37622776320144397
1,39.48988293935312,-0.37805537507708653
1,39.48969026803087,-0.37906082496524107
1,39.48929878223066,-0.3793156342573427
1,39.4893102532658,-0.38142481809642376
1,39.4882826138002,-0.3753875049555186
1,39.48614510878874,-0.37562992553145996
1,39.48771393813457,-0.3781925828227357
1,39.48586045909226,-0.3798207505924438
1,39.4871170307879,-0.38416108666107496
1,39.4878024303355,-0.38560782173327013
1,39.48858793477835,-0.3861817079525112
1,39.48354828056073,-0.37603350408220615
1,39.48394835909853,-0.38071248199917596
1,39.49453198156938,-0.39482760794349026
1,39.49020683030741,-0.3894660522316085
1,39.491210805969935,-0.3888241585037537
1,39.489229218724965,-0.3884142674070708
1,39.49081506282588,-0.3855259272263827
1,39.492809502988024,-0.39089461735582476
1,39.49393488957829,-0.3932872313971571
1,39.49464112754585,-0.39194286878822154
1,39.495529319646096,-0.3916112673372118
1,39.49847877577499,-0.39374291320298066
1,39.49094448237414,-0.38557394420090935
1,39.47851674841766,-0.40046333473258217
1,39.47217457971646,-0.3940769022972475
1,39.473079478855766,-0.3934562512586973
1,39.481966021637476,-0.39965781429420866
1,39.47083034363344,-0.38932559065612643
1,39.47150779900292,-0.3864639773823198
1,39.49961547808802,-0.3895967146337584
1,39.51409880507614,-0.38923342897431207
1,39.516460189259234,-0.378786577045042
1,39.52861337342377,-0.38555306439992904
1,39.45732024663481,-0.40231776369696515
1,39.45794953042007,-0.40094035768661584
1,39.4580398813709,-0.400708785199297
1,39.48308775285352,-0.38222138735812716
1,39.48254738771183,-0.3841307904804062
1,39.460031112829675,-0.3995258980800653
1,39.45913967977236,-0.39953197852342487
1,39.45945882035306,-0.4025877983958117
1,39.46277284993888,-0.4023459496174139
1,39.46351947649234,-0.40445157377127994
1,39.463525009757895,-0.4077101849864786
1,39.467045593919615,-0.4009620667413792
1,39.46843779603784,-0.39987806668095477
1,39.464726247806354,-0.4005812794305663
1,39.463756427065576,-0.3987142173036761
1,39.46357611008102,-0.3996000149443221
1,39.46581706527688,-0.40743181426218356
1,39.465598320091914,-0.4072245910005557
2,39.47065291617261,-0.4068242745291038
1,39.47073331904664,-0.4071714593280853
1,39.469723507130006,-0.4036180683485179
1,39.46858655935502,-0.3973245018737775
1,39.468851177132365,-0.401760432010956
1,39.46806759852987,-0.40255480124975795
1,39.46732289783364,-0.40107015876101915
1,39.4692684313115,-0.3993958672102849
1,39.472217413737404,-0.39698543564896055
1,39.46443568275482,-0.39411700604654304
1,39.4660137557412,-0.39392441260843486
1,39.46697936093785,-0.39477195577401886
1,39.46675133513375,-0.3940248378851123
1,39.468232617377566,-0.3905494901940521
1,39.46817977685575,-0.3930059059713732
1,39.469546998833295,-0.39685467990760287
1,39.469530001021255,-0.3985642014446433
1,39.47277643136136,-0.39899084279469055
1,39.4732571308816,-0.39774810154313783
1,39.47654210363846,-0.3977616105627593
1,39.46633721580597,-0.33076632870584477
1,39.46305563796022,-0.33732730175226117
1,39.46243578730911,-0.34066274830183907
1,39.463908328833426,-0.3376837139217058
1,39.46461597028439,-0.34049588005290804
1,39.4656894948266,-0.34118746830873803
1,39.463454929021864,-0.3426125675709245
1,39.30958690429428,-0.31797846606089497
1,39.46568194611232,-0.40819619041266775
1,39.48061323389584,-0.3613581744769451
